country,year,loss,
Burundi,2020,2,
Burundi,2020,1.18,
Burundi,2020,2.5,
Burundi,2020,2.5,
Burundi,2020,3.5,
Burundi,2019,3.5,
Burundi,2019,1.18,
Burundi,2019,2.5,
Burundi,2019,2.5,
Burundi,2019,2,
Burundi,2018,1.18,
Burundi,2018,2.5,
Burundi,2018,3.5,
Burundi,2018,2.5,
Burundi,2018,2,
Burundi,2017,2.5,
Burundi,2017,1.18,
Burundi,2017,3.5,
Burundi,2017,2,
Burundi,2017,2.5,
Burundi,2016,2,
Burundi,2016,1.18,
Burundi,2016,3.5,
Burundi,2016,2.5,
Burundi,2016,2.5,
Burundi,2015,3.5,
Burundi,2015,2.5,
Burundi,2015,1.18,
Burundi,2015,2.5,
Burundi,2015,2,
Burundi,2014,2.5,
Burundi,2014,2,
Burundi,2014,1.18,
Burundi,2014,3.5,
Burundi,2014,2.5,
Burundi,2013,2.5,
Burundi,2013,2,
Burundi,2013,3.5,
Burundi,2013,1.18,
Burundi,2013,2.5,
Burundi,2012,1.18,
Burundi,2012,2.5,
Burundi,2012,2,
Burundi,2012,2.5,
Burundi,2012,3.5,
Burundi,2011,3.5,
Burundi,2011,1.18,
Burundi,2011,2.5,
Burundi,2011,2.5,
Burundi,2011,2,
Burundi,2010,1.18,
Burundi,2010,2,
Burundi,2010,2.5,
Burundi,2010,2.5,
Burundi,2010,3.5,
Burundi,2009,2,
Burundi,2009,2.5,
Burundi,2009,1.18,
Burundi,2009,3.5,
Burundi,2009,2.5,
Burundi,2008,2.5,
Burundi,2008,2,
Burundi,2008,2.5,
Burundi,2008,1.18,
Burundi,2008,3.5,
Burundi,2007,2,
Burundi,2007,2.5,
Burundi,2007,1.18,
Burundi,2007,3.5,
Burundi,2007,2.5,
Burundi,2006,2.5,
Burundi,2006,1.18,
Burundi,2006,2,
Burundi,2006,2.5,
Burundi,2006,3.5,
Burundi,2005,2,
Burundi,2005,1.18,
Burundi,2005,2.5,
Burundi,2005,2.5,
Burundi,2005,3.5,
Burundi,2004,3.5,
Burundi,2004,1.18,
Burundi,2004,2,
Burundi,2004,2.5,
Burundi,2004,2.5,
Burundi,2003,3.5,
Burundi,2003,2.5,
Burundi,2003,1.18,
Burundi,2003,2,
Burundi,2003,2.5,
Burundi,2002,2,
Burundi,2002,2.5,
Burundi,2002,3.5,
Burundi,2002,2.5,
Burundi,2002,1.18,
Burundi,2001,1.18,
Burundi,2001,3.5,
Burundi,2001,2,
Burundi,2001,2.5,
Burundi,2001,2.5,
Burundi,2000,1.18,
Burundi,2000,2,
Burundi,2000,2.5,
Burundi,2000,3.5,
Burundi,2000,2.5,
Cameroon,2020,0.73,
Cameroon,2020,2.5,
Cameroon,2020,0.87,
Cameroon,2020,3.5,
Cameroon,2020,2,
Cameroon,2019,3.5,
Cameroon,2019,2.5,
Cameroon,2019,0.73,
Cameroon,2019,2,
Cameroon,2019,0.87,
Cameroon,2018,0.87,
Cameroon,2018,0.73,
Cameroon,2018,2,
Cameroon,2018,3.5,
Cameroon,2018,2.5,
Cameroon,2017,3.5,
Cameroon,2017,0.87,
Cameroon,2017,2,
Cameroon,2017,2.5,
Cameroon,2017,0.73,
Cameroon,2016,2.5,
Cameroon,2016,0.73,
Cameroon,2016,0.87,
Cameroon,2016,3.5,
Cameroon,2016,2,
Cameroon,2015,0.87,
Cameroon,2015,3.5,
Cameroon,2015,0.73,
Cameroon,2015,2.5,
Cameroon,2015,2,
Cameroon,2014,2,
Cameroon,2014,2.5,
Cameroon,2014,3.5,
Cameroon,2014,0.73,
Cameroon,2014,0.87,
Cameroon,2013,2.5,
Cameroon,2013,0.73,
Cameroon,2013,0.87,
Cameroon,2013,2,
Cameroon,2013,3.5,
Cameroon,2012,0.87,
Cameroon,2012,2.5,
Cameroon,2012,0.73,
Cameroon,2012,2,
Cameroon,2012,3.5,
Cameroon,2011,2,
Cameroon,2011,0.8,
Cameroon,2011,0.71,
Cameroon,2011,3.5,
Cameroon,2011,2.5,
Cameroon,2010,0.79,
Cameroon,2010,2,
Cameroon,2010,2.5,
Cameroon,2010,0.71,
Cameroon,2010,3.5,
Cameroon,2009,2.5,
Cameroon,2009,0.87,
Cameroon,2009,2,
Cameroon,2009,0.73,
Cameroon,2009,3.5,
Cameroon,2008,2.5,
Cameroon,2008,0.75,
Cameroon,2008,3.5,
Cameroon,2008,0.96,
Cameroon,2008,2,
Cameroon,2007,2.5,
Cameroon,2007,3.5,
Cameroon,2007,0.74,
Cameroon,2007,0.91,
Cameroon,2007,2,
Cameroon,2006,2.5,
Cameroon,2006,3.5,
Cameroon,2006,2,
Cameroon,2006,0.9,
Cameroon,2006,0.74,
Cameroon,2005,2.5,
Cameroon,2005,0.74,
Cameroon,2005,0.91,
Cameroon,2005,2,
Cameroon,2005,3.5,
Cameroon,2004,2.5,
Cameroon,2004,0.75,
Cameroon,2004,3.5,
Cameroon,2004,2,
Cameroon,2004,0.93,
Cameroon,2003,2,
Cameroon,2003,0.93,
Cameroon,2003,2.5,
Cameroon,2003,0.75,
Cameroon,2003,3.5,
Cameroon,2002,2.5,
Cameroon,2002,2,
Cameroon,2002,3.5,
Cameroon,2002,0.75,
Cameroon,2002,0.93,
Cameroon,2001,2.5,
Cameroon,2001,0.68,
Cameroon,2001,0.71,
Cameroon,2001,2,
Cameroon,2001,3.5,
Cameroon,2000,3.5,
Cameroon,2000,2,
Cameroon,2000,0.9,
Cameroon,2000,0.74,
Cameroon,2000,2.5,
Sri Lanka,2008,5.13,334
Sri Lanka,2004,2.94,140
Sri Lanka,2003,2.96,160
Sri Lanka,2002,2.9,120
Sri Lanka,2001,3.05,130
Sri Lanka,2000,3.02,150
Chad,2020,0.94,
Chad,2020,2,
Chad,2020,3.5,
Chad,2020,0.76,
Chad,2020,2.5,
Chad,2019,2,
Chad,2019,0.76,
Chad,2019,2.5,
Chad,2019,3.5,
Chad,2019,0.94,
Chad,2018,0.94,
Chad,2018,2,
Chad,2018,2.5,
Chad,2018,3.5,
Chad,2018,0.76,
Chad,2017,14.16,93456
Chad,2017,3.5,
Chad,2017,0.76,
Chad,2017,0.94,
Chad,2017,2.5,
Chad,2017,2,
Chad,2016,14.16,102729
Chad,2016,3.5,
Chad,2016,0.76,
Chad,2016,0.94,
Chad,2016,2,
Chad,2016,2.5,
Chad,2015,14.07,83327
Chad,2015,3.5,
Chad,2015,0.94,
Chad,2015,2,
Chad,2015,0.76,
Chad,2015,2.5,
Chad,2014,14.21,98697
Chad,2014,2.5,
Chad,2014,0.94,
Chad,2014,0.76,
Chad,2014,2,
Chad,2014,3.5,
Chad,2013,0.76,
Chad,2013,2,
Chad,2013,0.94,
Chad,2013,2.5,
Chad,2013,3.5,
Chad,2012,2,
Chad,2012,2.5,
Chad,2012,0.94,
Chad,2012,0.76,
Chad,2012,3.5,
Chad,2011,2,
Chad,2011,2.5,
Chad,2011,3.5,
Chad,2011,0.76,
Chad,2011,0.94,
Chad,2010,3.5,
Chad,2010,2.5,
Chad,2010,2,
Chad,2010,0.76,
Chad,2010,0.94,
Chad,2009,2.5,
Chad,2009,3.5,
Chad,2009,2,
Chad,2009,0.76,
Chad,2009,0.94,
Chad,2008,0.76,
Chad,2008,3.5,
Chad,2008,2.5,
Chad,2008,0.94,
Chad,2008,2,
Chad,2007,2.5,
Chad,2007,3.5,
Chad,2007,0.94,
Chad,2007,2,
Chad,2007,0.76,
Chad,2006,0.76,
Chad,2006,2.5,
Chad,2006,2,
Chad,2006,3.5,
Chad,2006,0.94,
Chad,2005,3.5,
Chad,2005,0.76,
Chad,2005,2,
Chad,2005,2.5,
Chad,2005,0.94,
Chad,2004,0.94,
Chad,2004,2,
Chad,2004,0.76,
Chad,2004,2.5,
Chad,2004,3.5,
Chad,2003,0.76,
Chad,2003,2.5,
Chad,2003,2,
Chad,2003,3.5,
Chad,2003,0.94,
Chad,2002,0.94,
Chad,2002,0.76,
Chad,2002,2.5,
Chad,2002,2,
Chad,2002,3.5,
Chad,2001,2,
Chad,2001,0.76,
Chad,2001,2.5,
Chad,2001,3.5,
Chad,2001,0.94,
Chad,2000,0.94,
Chad,2000,0.76,
Chad,2000,3.5,
Chad,2000,2,
Chad,2000,2.5,
Benin,2020,2,
Benin,2020,2.5,
Benin,2020,2.5,
Benin,2020,3.5,
Benin,2020,1.18,
Benin,2019,2.5,
Benin,2019,3.5,
Benin,2019,1.18,
Benin,2019,2.5,
Benin,2019,2,
Benin,2018,3.5,
Benin,2018,2.5,
Benin,2018,1.18,
Benin,2018,2.5,
Benin,2018,2,
Benin,2017,2.5,
Benin,2017,2,
Benin,2017,1.18,
Benin,2017,3.5,
Benin,2017,2.5,
Benin,2016,3.5,
Benin,2016,2.5,
Benin,2016,1.18,
Benin,2016,2.5,
Benin,2016,2,
Benin,2015,2.5,
Benin,2015,2.5,
Benin,2015,3.5,
Benin,2015,2,
Benin,2015,1.18,
Benin,2014,1.18,
Benin,2014,2.5,
Benin,2014,2.5,
Benin,2014,3.5,
Benin,2014,2,
Benin,2013,2.5,
Benin,2013,3.5,
Benin,2013,2,
Benin,2013,2.5,
Benin,2013,1.18,
Benin,2012,2.5,
Benin,2012,3.5,
Benin,2012,2,
Benin,2012,2.5,
Benin,2012,1.18,
Benin,2011,2,
Benin,2011,1.18,
Benin,2011,2.5,
Benin,2011,2.5,
Benin,2011,3.5,
Benin,2010,2,
Benin,2010,2.5,
Benin,2010,2.5,
Benin,2010,3.5,
Benin,2010,1.18,
Benin,2009,2,
Benin,2009,2.5,
Benin,2009,2.5,
Benin,2009,1.18,
Benin,2009,3.5,
Benin,2008,2.5,
Benin,2008,3.5,
Benin,2008,1.18,
Benin,2008,2,
Benin,2008,2.5,
Benin,2007,2.5,
Benin,2007,1.18,
Benin,2007,3.5,
Benin,2007,2,
Benin,2007,2.5,
Benin,2006,2,
Benin,2006,3.5,
Benin,2006,1.18,
Benin,2006,2.5,
Benin,2006,2.5,
Benin,2005,3.5,
Benin,2005,2,
Benin,2005,1.18,
Benin,2005,2.5,
Benin,2005,2.5,
Benin,2004,2,
Benin,2004,3.5,
Benin,2004,2.5,
Benin,2004,1.18,
Benin,2004,2.5,
Benin,2003,2,
Benin,2003,2.5,
Benin,2003,1.18,
Benin,2003,2.5,
Benin,2003,3.5,
Benin,2002,1.18,
Benin,2002,2.5,
Benin,2002,3.5,
Benin,2002,2.5,
Benin,2002,2,
Benin,2001,2.5,
Benin,2001,2,
Benin,2001,2.5,
Benin,2001,1.18,
Benin,2001,3.5,
Benin,2000,2.5,
Benin,2000,1.18,
Benin,2000,2,
Benin,2000,3.5,
Benin,2000,2.5,
Ethiopia,2020,2.5,
Ethiopia,2020,2.65,
Ethiopia,2020,2.07,
Ethiopia,2020,2,
Ethiopia,2020,3.5,
Ethiopia,2020,1,
Ethiopia,2020,1.05,
Ethiopia,2019,2.65,
Ethiopia,2019,3.5,
Ethiopia,2019,1,
Ethiopia,2019,2.5,
Ethiopia,2019,2.07,
Ethiopia,2019,2,
Ethiopia,2019,1.05,
Ethiopia,2018,2.05,
Ethiopia,2018,2.5,
Ethiopia,2018,1,
Ethiopia,2018,1.05,
Ethiopia,2018,2,
Ethiopia,2018,2.65,
Ethiopia,2018,3.5,
Ethiopia,2017,1.04,
Ethiopia,2017,2.5,
Ethiopia,2017,2,
Ethiopia,2017,2.65,
Ethiopia,2017,3.5,
Ethiopia,2017,1,
Ethiopia,2017,2.02,
Ethiopia,2016,1.06,
Ethiopia,2016,3.5,
Ethiopia,2016,1,
Ethiopia,2016,2.65,
Ethiopia,2016,2.5,
Ethiopia,2016,2,
Ethiopia,2016,2.1,
Ethiopia,2015,3.5,
Ethiopia,2015,1.99,
Ethiopia,2015,2.5,
Ethiopia,2015,2,
Ethiopia,2015,1,
Ethiopia,2015,1.03,
Ethiopia,2015,2.65,
Ethiopia,2014,1.05,
Ethiopia,2014,3.5,
Ethiopia,2014,2.65,
Ethiopia,2014,2,
Ethiopia,2014,1,
Ethiopia,2014,2.04,
Ethiopia,2014,2.5,
Ethiopia,2013,3.33,
Ethiopia,2013,3.5,
Ethiopia,2013,2.03,
Ethiopia,2013,2.5,
Ethiopia,2013,1,
Ethiopia,2013,2,
Ethiopia,2013,1.05,
Ethiopia,2013,2.65,
Ethiopia,2012,1.03,
Ethiopia,2012,2,
Ethiopia,2012,2.5,
Ethiopia,2012,3.5,
Ethiopia,2012,1.99,
Ethiopia,2012,2.65,
Ethiopia,2012,1,
Ethiopia,2011,2.5,
Ethiopia,2011,1.04,
Ethiopia,2011,3.5,
Ethiopia,2011,2.01,
Ethiopia,2011,2.65,
Ethiopia,2011,1,
Ethiopia,2011,2,
Ethiopia,2010,2,
Ethiopia,2010,1,
Ethiopia,2010,1.08,
Ethiopia,2010,2.65,
Ethiopia,2010,2.5,
Ethiopia,2010,3.5,
Ethiopia,2010,2.15,
Ethiopia,2009,3.5,
Ethiopia,2009,1.1,
Ethiopia,2009,2.23,
Ethiopia,2009,1,
Ethiopia,2009,2.5,
Ethiopia,2009,2.65,
Ethiopia,2009,2,
Ethiopia,2008,1,
Ethiopia,2008,1.06,
Ethiopia,2008,2,
Ethiopia,2008,2.65,
Ethiopia,2008,2.5,
Ethiopia,2008,2.07,
Ethiopia,2008,3.5,
Ethiopia,2007,1.05,
Ethiopia,2007,2.5,
Ethiopia,2007,2.04,
Ethiopia,2007,2.65,
Ethiopia,2007,2,
Ethiopia,2007,1,
Ethiopia,2007,3.5,
Ethiopia,2006,2,
Ethiopia,2006,2.06,
Ethiopia,2006,3.5,
Ethiopia,2006,1.04,
Ethiopia,2006,2.5,
Ethiopia,2006,1,
Ethiopia,2006,2.65,
Ethiopia,2005,2,
Ethiopia,2005,3.5,
Ethiopia,2005,1,
Ethiopia,2005,2.21,
Ethiopia,2005,1.1,
Ethiopia,2005,2.5,
Ethiopia,2005,2.65,
Ethiopia,2004,1.06,
Ethiopia,2004,2.5,
Ethiopia,2004,2.65,
Ethiopia,2004,1,
Ethiopia,2004,3.5,
Ethiopia,2004,2,
Ethiopia,2004,2.07,
Ethiopia,2003,3.5,
Ethiopia,2003,1,
Ethiopia,2003,2.65,
Ethiopia,2003,1.06,
Ethiopia,2003,2.07,
Ethiopia,2003,2.5,
Ethiopia,2003,2,
Ethiopia,2002,1.06,
Ethiopia,2002,2,
Ethiopia,2002,2.07,
Ethiopia,2002,1,
Ethiopia,2002,3.5,
Ethiopia,2002,2.5,
Ethiopia,2002,2.65,
Ethiopia,2001,1.06,
Ethiopia,2001,1,
Ethiopia,2001,2.5,
Ethiopia,2001,2.65,
Ethiopia,2001,3.5,
Ethiopia,2001,2,
Ethiopia,2001,2.07,
Ethiopia,2000,1,
Ethiopia,2000,2.65,
Ethiopia,2000,3.5,
Ethiopia,2000,1.06,
Ethiopia,2000,2,
Ethiopia,2000,2.5,
Ethiopia,2000,2.07,
Angola,2020,0.86,
Angola,2020,3.43,
Angola,2020,2,
Angola,2020,2.5,
Angola,2020,1.3,
Angola,2020,1,
Angola,2020,1.74,
Angola,2019,2,
Angola,2019,2.5,
Angola,2019,1,
Angola,2019,1.3,
Angola,2019,3.43,
Angola,2019,2.02,
Angola,2019,0.85,
Angola,2018,2,
Angola,2018,1.69,
Angola,2018,1.3,
Angola,2018,0.81,
Angola,2018,3.45,
Angola,2018,1,
Angola,2018,2.5,
Angola,2017,0.86,
Angola,2017,1.74,
Angola,2017,2.5,
Angola,2017,1.3,
Angola,2017,1,
Angola,2017,3.43,
Angola,2017,2,
Angola,2016,2,
Angola,2016,1.74,
Angola,2016,3.43,
Angola,2016,0.86,
Angola,2016,2.5,
Angola,2016,1,
Angola,2016,1.3,
Angola,2015,2,
Angola,2015,0.86,
Angola,2015,1.3,
Angola,2015,3.43,
Angola,2015,2.5,
Angola,2015,1.74,
Angola,2015,1,
Angola,2014,2.5,
Angola,2014,1.3,
Angola,2014,1.69,
Angola,2014,1,
Angola,2014,2,
Angola,2014,0.86,
Angola,2014,3.37,
Angola,2013,1.68,
Angola,2013,1,
Angola,2013,3.35,
Angola,2013,1.3,
Angola,2013,0.86,
Angola,2013,2,
Angola,2013,2.5,
Angola,2012,3.29,
Angola,2012,2.5,
Angola,2012,1.3,
Angola,2012,1.39,
Angola,2012,1,
Angola,2012,2,
Angola,2012,0.79,
Angola,2011,1.46,
Angola,2011,0.75,
Angola,2011,1.3,
Angola,2011,3.43,
Angola,2011,2.5,
Angola,2011,2,
Angola,2011,1,
Angola,2010,1.65,
Angola,2010,1.3,
Angola,2010,1,
Angola,2010,2,
Angola,2010,2.5,
Angola,2010,0.86,
Angola,2010,3.44,
Angola,2009,1.29,
Angola,2009,2.44,
Angola,2009,1,
Angola,2009,2.5,
Angola,2009,1.3,
Angola,2009,3.47,
Angola,2009,2,
Angola,2008,2.5,
Angola,2008,1,
Angola,2008,3.46,
Angola,2008,2,
Angola,2008,1.91,
Angola,2008,0.93,
Angola,2008,1.3,
Angola,2007,1.26,
Angola,2007,1.3,
Angola,2007,1,
Angola,2007,2.5,
Angola,2007,3.43,
Angola,2007,2,
Angola,2007,0.79,
Angola,2006,3.44,
Angola,2006,1.6,
Angola,2006,1,
Angola,2006,0.85,
Angola,2006,2.5,
Angola,2006,1.3,
Angola,2006,2,
Angola,2005,2.5,
Angola,2005,0.82,
Angola,2005,1,
Angola,2005,3.43,
Angola,2005,1.3,
Angola,2005,2,
Angola,2005,1.52,
Angola,2004,0.82,
Angola,2004,1,
Angola,2004,1.61,
Angola,2004,2.5,
Angola,2004,1.3,
Angola,2004,2,
Angola,2004,3.44,
Angola,2003,2,
Angola,2003,1,
Angola,2003,3.44,
Angola,2003,0.93,
Angola,2003,2.5,
Angola,2003,1.88,
Angola,2003,1.3,
Angola,2002,2.05,
Angola,2002,3.46,
Angola,2002,2.5,
Angola,2002,0.93,
Angola,2002,1,
Angola,2002,1.3,
Angola,2002,2,
Angola,2001,1,
Angola,2001,2.5,
Angola,2001,1.3,
Angola,2001,0.9,
Angola,2001,3.46,
Angola,2001,2,
Angola,2001,2.05,
Angola,2000,1.3,
Angola,2000,2.5,
Angola,2000,3.43,
Angola,2000,2,
Angola,2000,1,
Angola,2000,1.74,
Angola,2000,0.86,
Gambia,2020,1.18,
Gambia,2020,2.5,
Gambia,2020,2.5,
Gambia,2020,2,
Gambia,2020,3.5,
Gambia,2019,3.5,
Gambia,2019,2.5,
Gambia,2019,2.5,
Gambia,2019,1.18,
Gambia,2019,2,
Gambia,2018,1.18,
Gambia,2018,2.5,
Gambia,2018,3.5,
Gambia,2018,2.5,
Gambia,2018,2,
Gambia,2017,1.18,
Gambia,2017,2.5,
Gambia,2017,3.5,
Gambia,2017,2,
Gambia,2017,2.5,
Gambia,2016,2,
Gambia,2016,3.5,
Gambia,2016,2.5,
Gambia,2016,2.5,
Gambia,2016,1.18,
Gambia,2015,2,
Gambia,2015,3.5,
Gambia,2015,2.5,
Gambia,2015,2.5,
Gambia,2015,1.18,
Gambia,2014,3.5,
Gambia,2014,2.5,
Gambia,2014,1.18,
Gambia,2014,2.5,
Gambia,2014,2,
Gambia,2013,3.5,
Gambia,2013,1.18,
Gambia,2013,2,
Gambia,2013,2.5,
Gambia,2013,2.5,
Gambia,2012,2.5,
Gambia,2012,2,
Gambia,2012,2.5,
Gambia,2012,3.5,
Gambia,2012,1.18,
Gambia,2011,3.5,
Gambia,2011,2.5,
Gambia,2011,2,
Gambia,2011,1.18,
Gambia,2011,2.5,
Gambia,2010,3.5,
Gambia,2010,2.5,
Gambia,2010,1.18,
Gambia,2010,2,
Gambia,2010,2.5,
Gambia,2009,2,
Gambia,2009,2.5,
Gambia,2009,1.18,
Gambia,2009,3.5,
Gambia,2009,2.5,
Gambia,2008,3.5,
Gambia,2008,2,
Gambia,2008,1.18,
Gambia,2008,2.5,
Gambia,2008,2.5,
Gambia,2007,3.5,
Gambia,2007,2.5,
Gambia,2007,2,
Gambia,2007,1.18,
Gambia,2007,2.5,
Gambia,2006,3.5,
Gambia,2006,2.5,
Gambia,2006,2.5,
Gambia,2006,1.18,
Gambia,2006,2,
Gambia,2005,2,
Gambia,2005,1.18,
Gambia,2005,3.5,
Gambia,2005,2.5,
Gambia,2005,2.5,
Gambia,2004,2.5,
Gambia,2004,2.5,
Gambia,2004,3.5,
Gambia,2004,2,
Gambia,2004,1.18,
Gambia,2003,2.5,
Gambia,2003,1.18,
Gambia,2003,3.5,
Gambia,2003,2,
Gambia,2003,2.5,
Gambia,2002,2.5,
Gambia,2002,3.5,
Gambia,2002,2.5,
Gambia,2002,2,
Gambia,2002,1.18,
Gambia,2002,12.8,
Gambia,2001,2,
Gambia,2001,1.18,
Gambia,2001,2.5,
Gambia,2001,3.5,
Gambia,2001,2.5,
Gambia,2000,1.18,
Gambia,2000,2,
Gambia,2000,2.5,
Gambia,2000,2.5,
Gambia,2000,3.5,
Ghana,2020,1.18,
Ghana,2020,2,
Ghana,2020,3.5,
Ghana,2020,2.5,
Ghana,2020,2.5,
Ghana,2019,2.5,
Ghana,2019,2.5,
Ghana,2019,1.18,
Ghana,2019,2,
Ghana,2019,3.5,
Ghana,2018,2.5,
Ghana,2018,2,
Ghana,2018,1.18,
Ghana,2018,2.5,
Ghana,2018,3.5,
Ghana,2017,2.5,
Ghana,2017,2.5,
Ghana,2017,3.5,
Ghana,2017,1.18,
Ghana,2017,2,
Ghana,2016,2.5,
Ghana,2016,3.5,
Ghana,2016,2,
Ghana,2016,2.5,
Ghana,2016,1.18,
Ghana,2015,2,
Ghana,2015,1.18,
Ghana,2015,3.5,
Ghana,2015,2.5,
Ghana,2015,2.5,
Ghana,2014,2,
Ghana,2014,2.5,
Ghana,2014,1.18,
Ghana,2014,2.5,
Ghana,2014,3.5,
Ghana,2014,3,
Ghana,2014,1.7,
Ghana,2014,0.7,
Ghana,2014,0.3,
Ghana,2013,2,
Ghana,2013,2.5,
Ghana,2013,2.5,
Ghana,2013,1.18,
Ghana,2013,3.5,
Ghana,2012,1.18,
Ghana,2012,2,
Ghana,2012,2.5,
Ghana,2012,2.5,
Ghana,2012,3.5,
Ghana,2011,3.5,
Ghana,2011,2.5,
Ghana,2011,1.18,
Ghana,2011,2.5,
Ghana,2011,2,
Ghana,2010,2.5,
Ghana,2010,1.18,
Ghana,2010,3.5,
Ghana,2010,2.5,
Ghana,2010,2,
Ghana,2009,2.5,
Ghana,2009,2,
Ghana,2009,1.18,
Ghana,2009,2.5,
Ghana,2009,3.5,
Ghana,2008,2.5,
Ghana,2008,2,
Ghana,2008,3.5,
Ghana,2008,2.5,
Ghana,2008,1.18,
Ghana,2008,3.14,
Ghana,2008,1.55,
Ghana,2008,6.64,
Ghana,2008,0.07,
Ghana,2008,0.03,
Ghana,2008,0.22,
Ghana,2008,1.24,
Ghana,2008,0.5,
Ghana,2008,0.04,
Ghana,2008,4.83,
Ghana,2008,0.13,
Ghana,2008,0.58,
Ghana,2008,1.88,
Ghana,2008,1.16,
Ghana,2008,0.33,
Ghana,2008,0.5,
Ghana,2008,0.07,
Ghana,2007,2.5,
Ghana,2007,1.18,
Ghana,2007,3.5,
Ghana,2007,2.5,
Ghana,2007,2,
Ghana,2006,2.5,
Ghana,2006,2.5,
Ghana,2006,3.5,
Ghana,2006,2,
Ghana,2006,1.18,
Ghana,2005,3.5,
Ghana,2005,2,
Ghana,2005,2.5,
Ghana,2005,1.18,
Ghana,2005,2.5,
Ghana,2004,2.5,
Ghana,2004,3.5,
Ghana,2004,2.5,
Ghana,2004,2,
Ghana,2004,1.18,
Ghana,2003,1.18,
Ghana,2003,2.5,
Ghana,2003,2.5,
Ghana,2003,2,
Ghana,2003,3.5,
Ghana,2002,1.18,
Ghana,2002,3.5,
Ghana,2002,2.5,
Ghana,2002,2.5,
Ghana,2002,2,
Ghana,2001,2.5,
Ghana,2001,2.5,
Ghana,2001,3.5,
Ghana,2001,2,
Ghana,2001,1.18,
Ghana,2000,2.5,
Ghana,2000,1.18,
Ghana,2000,2,
Ghana,2000,3.5,
Ghana,2000,2.5,
Hungary,2017,4.33,140
Hungary,2016,3.75,137
Hungary,2015,5.55,260
Hungary,2014,1.76,124
India,2016,1.15,
India,2016,5.23,
India,2016,4.43,
India,2016,0.79,
India,2016,5.23,
India,2016,5.23,
India,2016,2.81,
India,2016,8.01,
India,2014,0.12,
India,2014,0.19,
India,2014,0.21,
India,2014,0.15,
India,2014,5.23,
India,2014,0.38,
India,2014,0.06,
India,2014,0.02,
India,2014,0.43,
India,2014,2.15,
India,2014,0.16,
India,2014,1.15,
India,2014,0.2,
India,2006,0.65,
India,2006,0.29,
India,2006,0.56,
India,2006,0.27,
India,2006,0.67,
India,2006,0.3,
India,2006,1.3,
India,2006,1.13,
India,2006,0.17,
India,2006,0.33,
India,2006,1.4,
India,2006,0.8,
Côte d'Ivoire,2020,2,
Côte d'Ivoire,2020,2.5,
Côte d'Ivoire,2020,2.5,
Côte d'Ivoire,2020,1.18,
Côte d'Ivoire,2020,3.5,
Côte d'Ivoire,2019,3.5,
Côte d'Ivoire,2019,2.5,
Côte d'Ivoire,2019,2,
Côte d'Ivoire,2019,1.18,
Côte d'Ivoire,2019,2.5,
Côte d'Ivoire,2018,2.5,
Côte d'Ivoire,2018,2.5,
Côte d'Ivoire,2018,1.18,
Côte d'Ivoire,2018,2,
Côte d'Ivoire,2018,3.5,
Côte d'Ivoire,2017,2,
Côte d'Ivoire,2017,1.18,
Côte d'Ivoire,2017,3.5,
Côte d'Ivoire,2017,2.5,
Côte d'Ivoire,2017,2.5,
Côte d'Ivoire,2016,3.5,
Côte d'Ivoire,2016,2.5,
Côte d'Ivoire,2016,2.5,
Côte d'Ivoire,2016,2,
Côte d'Ivoire,2016,1.18,
Côte d'Ivoire,2015,2.5,
Côte d'Ivoire,2015,2,
Côte d'Ivoire,2015,1.18,
Côte d'Ivoire,2015,3.5,
Côte d'Ivoire,2015,2.5,
Côte d'Ivoire,2014,2,
Côte d'Ivoire,2014,3.5,
Côte d'Ivoire,2014,1.18,
Côte d'Ivoire,2014,2.5,
Côte d'Ivoire,2014,2.5,
Côte d'Ivoire,2013,1.18,
Côte d'Ivoire,2013,2.5,
Côte d'Ivoire,2013,3.5,
Côte d'Ivoire,2013,2.5,
Côte d'Ivoire,2013,2,
Côte d'Ivoire,2012,1.18,
Côte d'Ivoire,2012,3.5,
Côte d'Ivoire,2012,2,
Côte d'Ivoire,2012,2.5,
Côte d'Ivoire,2012,2.5,
Côte d'Ivoire,2011,2.5,
Côte d'Ivoire,2011,2,
Côte d'Ivoire,2011,3.5,
Côte d'Ivoire,2011,2.5,
Côte d'Ivoire,2011,1.18,
Côte d'Ivoire,2010,2.5,
Côte d'Ivoire,2010,2.5,
Côte d'Ivoire,2010,3.5,
Côte d'Ivoire,2010,1.18,
Côte d'Ivoire,2010,2,
Côte d'Ivoire,2009,2,
Côte d'Ivoire,2009,2.5,
Côte d'Ivoire,2009,2.5,
Côte d'Ivoire,2009,3.5,
Côte d'Ivoire,2009,1.18,
Côte d'Ivoire,2008,2,
Côte d'Ivoire,2008,3.5,
Côte d'Ivoire,2008,2.5,
Côte d'Ivoire,2008,1.18,
Côte d'Ivoire,2008,2.5,
Côte d'Ivoire,2007,2.5,
Côte d'Ivoire,2007,2,
Côte d'Ivoire,2007,3.5,
Côte d'Ivoire,2007,2.5,
Côte d'Ivoire,2007,1.18,
Côte d'Ivoire,2006,2,
Côte d'Ivoire,2006,1.18,
Côte d'Ivoire,2006,3.5,
Côte d'Ivoire,2006,2.5,
Côte d'Ivoire,2006,2.5,
Côte d'Ivoire,2005,2,
Côte d'Ivoire,2005,3.5,
Côte d'Ivoire,2005,2.5,
Côte d'Ivoire,2005,2.5,
Côte d'Ivoire,2005,1.18,
Côte d'Ivoire,2004,3.5,
Côte d'Ivoire,2004,2.5,
Côte d'Ivoire,2004,2,
Côte d'Ivoire,2004,1.18,
Côte d'Ivoire,2004,2.5,
Côte d'Ivoire,2003,2.5,
Côte d'Ivoire,2003,2.5,
Côte d'Ivoire,2003,3.5,
Côte d'Ivoire,2003,1.18,
Côte d'Ivoire,2003,2,
Côte d'Ivoire,2002,2.5,
Côte d'Ivoire,2002,2,
Côte d'Ivoire,2002,3.5,
Côte d'Ivoire,2002,2.5,
Côte d'Ivoire,2002,1.18,
Côte d'Ivoire,2001,2,
Côte d'Ivoire,2001,3.5,
Côte d'Ivoire,2001,2.5,
Côte d'Ivoire,2001,1.18,
Côte d'Ivoire,2001,2.5,
Côte d'Ivoire,2000,2.5,
Côte d'Ivoire,2000,1.18,
Côte d'Ivoire,2000,2.5,
Côte d'Ivoire,2000,2,
Côte d'Ivoire,2000,3.5,
Kazakhstan,2017,0.53,200
Kazakhstan,2016,0.17,107
Kazakhstan,2015,2.42,840
Kazakhstan,2014,2.26,615
Kenya,2020,1,
Kenya,2020,0.61,
Kenya,2020,2.5,
Kenya,2020,2,
Kenya,2020,2.65,
Kenya,2020,2.29,
Kenya,2020,3.5,
Kenya,2019,2.5,
Kenya,2019,1,
Kenya,2019,2,
Kenya,2019,0.61,
Kenya,2019,2.65,
Kenya,2019,2.29,
Kenya,2019,3.5,
Kenya,2018,0.61,
Kenya,2018,2,
Kenya,2018,2.29,
Kenya,2018,2.5,
Kenya,2018,1,
Kenya,2018,2.65,
Kenya,2018,3.5,
Kenya,2017,2,
Kenya,2017,2.65,
Kenya,2017,3.5,
Kenya,2017,1,
Kenya,2017,0.61,
Kenya,2017,2.5,
Kenya,2017,2.29,
Kenya,2016,2.29,
Kenya,2016,1,
Kenya,2016,2,
Kenya,2016,2.65,
Kenya,2016,0.61,
Kenya,2016,3.5,
Kenya,2016,2.5,
Kenya,2015,2,
Kenya,2015,0.61,
Kenya,2015,1,
Kenya,2015,2.5,
Kenya,2015,2.29,
Kenya,2015,2.65,
Kenya,2015,3.5,
Kenya,2014,3.5,
Kenya,2014,2.65,
Kenya,2014,2,
Kenya,2014,2.29,
Kenya,2014,0.61,
Kenya,2014,2.5,
Kenya,2014,1,
Kenya,2013,2.65,
Kenya,2013,0.6,
Kenya,2013,2.31,
Kenya,2013,2.5,
Kenya,2013,1,
Kenya,2013,10.44,
Kenya,2013,2,
Kenya,2012,3.5,
Kenya,2012,1,
Kenya,2012,0.58,
Kenya,2012,2.65,
Kenya,2012,2,
Kenya,2012,2.42,
Kenya,2012,2.5,
Kenya,2011,0.58,
Kenya,2011,2,
Kenya,2011,1,
Kenya,2011,4.61,
Kenya,2011,2.47,
Kenya,2011,2.65,
Kenya,2011,2.5,
Kenya,2010,2.65,
Kenya,2010,2,
Kenya,2010,2.5,
Kenya,2010,0.58,
Kenya,2010,1,
Kenya,2010,12.7,
Kenya,2010,2.31,
Kenya,2009,0.57,
Kenya,2009,2.5,
Kenya,2009,2.65,
Kenya,2009,2.29,
Kenya,2009,2,
Kenya,2009,1,
Kenya,2009,11.34,
Kenya,2008,1,
Kenya,2008,2.08,
Kenya,2008,3.5,
Kenya,2008,2,
Kenya,2008,0.58,
Kenya,2008,2.5,
Kenya,2008,2.65,
Kenya,2007,1,
Kenya,2007,2,
Kenya,2007,2.5,
Kenya,2007,2.17,
Kenya,2007,2.65,
Kenya,2007,3.5,
Kenya,2007,0.69,
Kenya,2006,2.5,
Kenya,2006,2,
Kenya,2006,3.5,
Kenya,2006,2.29,
Kenya,2006,1,
Kenya,2006,2.65,
Kenya,2006,0.62,
Kenya,2005,3.5,
Kenya,2005,2.5,
Kenya,2005,2.29,
Kenya,2005,2.65,
Kenya,2005,2,
Kenya,2005,1,
Kenya,2005,0.62,
Kenya,2004,0.62,
Kenya,2004,1,
Kenya,2004,2.65,
Kenya,2004,3.5,
Kenya,2004,2,
Kenya,2004,2.5,
Kenya,2004,2.29,
Kenya,2003,2.29,
Kenya,2003,3.5,
Kenya,2003,2.65,
Kenya,2003,1,
Kenya,2003,2,
Kenya,2003,2.5,
Kenya,2003,0.62,
Kenya,2002,2,
Kenya,2002,2.29,
Kenya,2002,2.65,
Kenya,2002,3.5,
Kenya,2002,0.62,
Kenya,2002,2.5,
Kenya,2002,1,
Kenya,2001,3.5,
Kenya,2001,2,
Kenya,2001,2.29,
Kenya,2001,1,
Kenya,2001,0.62,
Kenya,2001,2.65,
Kenya,2001,2.5,
Kenya,2000,1,
Kenya,2000,2.5,
Kenya,2000,2.29,
Kenya,2000,2.65,
Kenya,2000,3.5,
Kenya,2000,2,
Kenya,2000,0.62,
Madagascar,2013,2.5,
Madagascar,2013,1.5,
Malawi,2020,1,
Malawi,2020,0.61,
Malawi,2020,2,
Malawi,2020,3.5,
Malawi,2020,2.5,
Malawi,2020,2.65,
Malawi,2020,2.5,
Malawi,2019,3.5,
Malawi,2019,0.61,
Malawi,2019,1,
Malawi,2019,2,
Malawi,2019,2.5,
Malawi,2019,2.5,
Malawi,2019,2.65,
Malawi,2018,2,
Malawi,2018,2.5,
Malawi,2018,2.65,
Malawi,2018,1,
Malawi,2018,2.5,
Malawi,2018,3.5,
Malawi,2018,0.62,
Malawi,2017,2.5,
Malawi,2017,3.5,
Malawi,2017,1,
Malawi,2017,2.5,
Malawi,2017,2,
Malawi,2017,2.65,
Malawi,2017,0.62,
Malawi,2016,1,
Malawi,2016,2.5,
Malawi,2016,2.5,
Malawi,2016,2,
Malawi,2016,2.65,
Malawi,2016,0.64,
Malawi,2016,3.5,
Malawi,2015,2.5,
Malawi,2015,0.76,
Malawi,2015,3.5,
Malawi,2015,2.5,
Malawi,2015,1,
Malawi,2015,2.65,
Malawi,2015,2,
Malawi,2014,1,
Malawi,2014,3.5,
Malawi,2014,2.65,
Malawi,2014,2,
Malawi,2014,0.73,
Malawi,2014,2.5,
Malawi,2014,2.5,
Malawi,2013,2.5,
Malawi,2013,3.5,
Malawi,2013,1,
Malawi,2013,2.65,
Malawi,2013,0.73,
Malawi,2013,2.5,
Malawi,2013,2,
Malawi,2012,1,
Malawi,2012,0.83,
Malawi,2012,2,
Malawi,2012,2.5,
Malawi,2012,3.5,
Malawi,2012,2.65,
Malawi,2012,2.5,
Malawi,2011,2.5,
Malawi,2011,1,
Malawi,2011,2,
Malawi,2011,0.81,
Malawi,2011,2.65,
Malawi,2011,3.5,
Malawi,2011,2.5,
Malawi,2010,0.62,
Malawi,2010,2.65,
Malawi,2010,2,
Malawi,2010,1,
Malawi,2010,2.5,
Malawi,2010,2.5,
Malawi,2010,3.5,
Malawi,2009,2.5,
Malawi,2009,2.5,
Malawi,2009,0.61,
Malawi,2009,3.5,
Malawi,2009,2.65,
Malawi,2009,2,
Malawi,2009,1,
Malawi,2008,2.5,
Malawi,2008,2.65,
Malawi,2008,0.6,
Malawi,2008,2.5,
Malawi,2008,3.5,
Malawi,2008,1,
Malawi,2008,2,
Malawi,2007,2,
Malawi,2007,2.5,
Malawi,2007,1,
Malawi,2007,0.8,
Malawi,2007,2.65,
Malawi,2007,2.5,
Malawi,2007,3.5,
Malawi,2006,2.65,
Malawi,2006,1,
Malawi,2006,2,
Malawi,2006,2.5,
Malawi,2006,0.83,
Malawi,2006,2.5,
Malawi,2006,3.5,
Malawi,2005,0.96,
Malawi,2005,3.5,
Malawi,2005,2.5,
Malawi,2005,2.5,
Malawi,2005,2,
Malawi,2005,2.65,
Malawi,2005,1,
Malawi,2004,2.5,
Malawi,2004,3.5,
Malawi,2004,2.5,
Malawi,2004,1.02,
Malawi,2004,1,
Malawi,2004,2,
Malawi,2004,2.65,
Malawi,2003,2.5,
Malawi,2003,2,
Malawi,2003,3.5,
Malawi,2003,0.82,
Malawi,2003,2.5,
Malawi,2003,1,
Malawi,2003,2.65,
Malawi,2002,3.5,
Malawi,2002,2.5,
Malawi,2002,1,
Malawi,2002,2.65,
Malawi,2002,2.5,
Malawi,2002,0.82,
Malawi,2002,2,
Malawi,2001,2.5,
Malawi,2001,1,
Malawi,2001,3.5,
Malawi,2001,2,
Malawi,2001,2.5,
Malawi,2001,0.82,
Malawi,2001,2.65,
Malawi,2000,2.65,
Malawi,2000,2,
Malawi,2000,0.82,
Malawi,2000,2.5,
Malawi,2000,3.5,
Malawi,2000,2.5,
Malawi,2000,1,
Mali,2020,3.5,
Mali,2020,0.3,
Mali,2020,0.31,
Mali,2020,2,
Mali,2020,2.5,
Mali,2019,3.5,
Mali,2019,0.3,
Mali,2019,2,
Mali,2019,2.5,
Mali,2019,0.31,
Mali,2018,0.31,
Mali,2018,0.3,
Mali,2018,2.5,
Mali,2018,2,
Mali,2018,3.5,
Mali,2017,2,
Mali,2017,2.5,
Mali,2017,3.5,
Mali,2017,0.3,
Mali,2017,0.28,
Mali,2016,16.27,294000
Mali,2016,0.31,
Mali,2016,2.5,
Mali,2016,3.5,
Mali,2016,0.3,
Mali,2016,2,
Mali,2015,16.41,306000
Mali,2015,0.31,
Mali,2015,3.5,
Mali,2015,2,
Mali,2015,0.3,
Mali,2015,2.5,
Mali,2014,16.38,281000
Mali,2014,0.3,
Mali,2014,0.33,
Mali,2014,2.5,
Mali,2014,3.5,
Mali,2014,2,
Mali,2013,3.5,
Mali,2013,0.3,
Mali,2013,0.3,
Mali,2013,2.5,
Mali,2013,2,
Mali,2012,3.5,
Mali,2012,2,
Mali,2012,2.5,
Mali,2012,0.29,
Mali,2012,0.23,
Mali,2011,0.29,
Mali,2011,2.5,
Mali,2011,2,
Mali,2011,3.5,
Mali,2011,0.14,
Mali,2010,0.39,
Mali,2010,2.5,
Mali,2010,2,
Mali,2010,3.5,
Mali,2010,0.31,
Mali,2009,2.5,
Mali,2009,3.5,
Mali,2009,2,
Mali,2009,0.39,
Mali,2009,0.31,
Mali,2008,0.32,
Mali,2008,2.5,
Mali,2008,0.46,
Mali,2008,2,
Mali,2008,3.5,
Mali,2007,2,
Mali,2007,0.41,
Mali,2007,0.31,
Mali,2007,2.5,
Mali,2007,3.5,
Mali,2006,2.5,
Mali,2006,0.48,
Mali,2006,3.5,
Mali,2006,0.32,
Mali,2006,2,
Mali,2005,0.29,
Mali,2005,2,
Mali,2005,2.5,
Mali,2005,0.25,
Mali,2005,3.5,
Mali,2004,2.5,
Mali,2004,0.3,
Mali,2004,2,
Mali,2004,0.29,
Mali,2004,3.5,
Mali,2003,3.5,
Mali,2003,0.3,
Mali,2003,2.5,
Mali,2003,2,
Mali,2003,0.29,
Mali,2002,2,
Mali,2002,0.28,
Mali,2002,0.3,
Mali,2002,3.5,
Mali,2002,2.5,
Mali,2001,3.5,
Mali,2001,0.19,
Mali,2001,0.3,
Mali,2001,2.5,
Mali,2001,2,
Mali,2000,2,
Mali,2000,2.5,
Mali,2000,0.25,
Mali,2000,3.5,
Mali,2000,0.29,
Mauritania,2020,2,
Mauritania,2020,2.5,
Mauritania,2020,3.5,
Mauritania,2020,1.13,
Mauritania,2019,2.5,
Mauritania,2019,2,
Mauritania,2019,1.13,
Mauritania,2019,3.5,
Mauritania,2018,2.5,
Mauritania,2018,2,
Mauritania,2018,3.5,
Mauritania,2018,1.13,
Mauritania,2017,2.5,
Mauritania,2017,2,
Mauritania,2017,1.13,
Mauritania,2017,3.5,
Mauritania,2016,3.5,
Mauritania,2016,2,
Mauritania,2016,2.5,
Mauritania,2016,1.13,
Mauritania,2015,2.5,
Mauritania,2015,1.13,
Mauritania,2015,2,
Mauritania,2015,3.5,
Mauritania,2014,1.13,
Mauritania,2014,3.5,
Mauritania,2014,2,
Mauritania,2014,2.5,
Mauritania,2013,1.13,
Mauritania,2013,3.5,
Mauritania,2013,2,
Mauritania,2013,2.5,
Mauritania,2012,1.13,
Mauritania,2012,2,
Mauritania,2012,3.5,
Mauritania,2012,2.5,
Mauritania,2011,1.13,
Mauritania,2011,2,
Mauritania,2011,2.5,
Mauritania,2011,3.5,
Mauritania,2010,2,
Mauritania,2010,2.5,
Mauritania,2010,1.13,
Mauritania,2010,3.5,
Mauritania,2009,2.5,
Mauritania,2009,2,
Mauritania,2009,1.13,
Mauritania,2009,3.5,
Mauritania,2008,1.13,
Mauritania,2008,2,
Mauritania,2008,2.5,
Mauritania,2008,3.5,
Mauritania,2007,2.5,
Mauritania,2007,3.5,
Mauritania,2007,1.13,
Mauritania,2007,2,
Mauritania,2006,1.13,
Mauritania,2006,2,
Mauritania,2006,2.5,
Mauritania,2006,3.5,
Mauritania,2005,2,
Mauritania,2005,1.13,
Mauritania,2005,2.5,
Mauritania,2005,3.5,
Mauritania,2004,3.5,
Mauritania,2004,2.5,
Mauritania,2004,1.13,
Mauritania,2004,2,
Mauritania,2003,1.13,
Mauritania,2003,2,
Mauritania,2003,2.5,
Mauritania,2003,3.5,
Mauritania,2002,2.5,
Mauritania,2002,1.13,
Mauritania,2002,3.5,
Mauritania,2002,2,
Mauritania,2001,3.5,
Mauritania,2001,1.13,
Mauritania,2001,2.5,
Mauritania,2001,2,
Mauritania,2000,1.13,
Mauritania,2000,3.5,
Mauritania,2000,2,
Mauritania,2000,2.5,
Mozambique,2020,1.14,
Mozambique,2020,3.5,
Mozambique,2020,2.5,
Mozambique,2020,2,
Mozambique,2020,2.26,
Mozambique,2020,1.3,
Mozambique,2020,1,
Mozambique,2019,1,
Mozambique,2019,1.3,
Mozambique,2019,3.5,
Mozambique,2019,1.14,
Mozambique,2019,2.26,
Mozambique,2019,2.5,
Mozambique,2019,2,
Mozambique,2018,2.26,
Mozambique,2018,1.3,
Mozambique,2018,2.5,
Mozambique,2018,3.5,
Mozambique,2018,2,
Mozambique,2018,1.14,
Mozambique,2018,1,
Mozambique,2017,1,
Mozambique,2017,2,
Mozambique,2017,1.3,
Mozambique,2017,2.26,
Mozambique,2017,2.5,
Mozambique,2017,3.5,
Mozambique,2017,1.14,
Mozambique,2016,2,
Mozambique,2016,1.3,
Mozambique,2016,2.5,
Mozambique,2016,1,
Mozambique,2016,3.5,
Mozambique,2016,2.26,
Mozambique,2016,1.14,
Mozambique,2015,3.5,
Mozambique,2015,2,
Mozambique,2015,2.5,
Mozambique,2015,1.3,
Mozambique,2015,1.17,
Mozambique,2015,1,
Mozambique,2015,2.37,
Mozambique,2014,3.5,
Mozambique,2014,2.08,
Mozambique,2014,1,
Mozambique,2014,1.11,
Mozambique,2014,2,
Mozambique,2014,1.3,
Mozambique,2014,2.5,
Mozambique,2013,1.3,
Mozambique,2013,1,
Mozambique,2013,2.26,
Mozambique,2013,3.5,
Mozambique,2013,2.5,
Mozambique,2013,2,
Mozambique,2013,1.14,
Mozambique,2012,1,
Mozambique,2012,1.2,
Mozambique,2012,2.5,
Mozambique,2012,3.5,
Mozambique,2012,2,
Mozambique,2012,1.3,
Mozambique,2012,2.44,
Mozambique,2011,3.5,
Mozambique,2011,2,
Mozambique,2011,2.26,
Mozambique,2011,1.14,
Mozambique,2011,2.5,
Mozambique,2011,1,
Mozambique,2011,1.3,
Mozambique,2010,1,
Mozambique,2010,2,
Mozambique,2010,3.5,
Mozambique,2010,1.3,
Mozambique,2010,2.26,
Mozambique,2010,1.14,
Mozambique,2010,2.5,
Mozambique,2009,2.5,
Mozambique,2009,1,
Mozambique,2009,2,
Mozambique,2009,1.14,
Mozambique,2009,2.26,
Mozambique,2009,3.5,
Mozambique,2009,1.3,
Mozambique,2008,2.5,
Mozambique,2008,1.14,
Mozambique,2008,2,
Mozambique,2008,1,
Mozambique,2008,1.3,
Mozambique,2008,2.26,
Mozambique,2008,3.5,
Mozambique,2007,2.5,
Mozambique,2007,2.3,
Mozambique,2007,3.5,
Mozambique,2007,1.15,
Mozambique,2007,2,
Mozambique,2006,2.27,
Mozambique,2006,2.5,
Mozambique,2006,1.14,
Mozambique,2006,3.5,
Mozambique,2006,2,
Mozambique,2005,2,
Mozambique,2005,2.5,
Mozambique,2005,2.36,
Mozambique,2005,3.5,
Mozambique,2005,1.15,
Mozambique,2004,3.5,
Mozambique,2004,2.21,
Mozambique,2004,1.11,
Mozambique,2004,2.5,
Mozambique,2004,2,
Mozambique,2003,2.21,
Mozambique,2003,1.12,
Mozambique,2003,2.5,
Mozambique,2003,2,
Mozambique,2003,3.5,
Mozambique,2002,2,
Mozambique,2002,1,
Mozambique,2002,1.3,
Mozambique,2002,2.5,
Mozambique,2002,1.14,
Mozambique,2002,3.5,
Mozambique,2002,2.26,
Mozambique,2001,3.5,
Mozambique,2001,1.14,
Mozambique,2001,2.26,
Mozambique,2001,1.3,
Mozambique,2001,2.5,
Mozambique,2001,1,
Mozambique,2001,2,
Mozambique,2000,2.5,
Mozambique,2000,1.3,
Mozambique,2000,2,
Mozambique,2000,3.5,
Mozambique,2000,1.14,
Mozambique,2000,2.26,
Mozambique,2000,1,
Namibia,2020,0.5,
Namibia,2020,1,
Namibia,2020,1.3,
Namibia,2020,2.5,
Namibia,2020,2,
Namibia,2020,2,
Namibia,2019,2,
Namibia,2019,1,
Namibia,2019,2.5,
Namibia,2019,2,
Namibia,2019,1.3,
Namibia,2019,0.5,
Namibia,2018,2,
Namibia,2018,1.3,
Namibia,2018,2.5,
Namibia,2018,2,
Namibia,2018,0.5,
Namibia,2018,1,
Namibia,2017,2.5,
Namibia,2017,2,
Namibia,2017,1,
Namibia,2017,2,
Namibia,2017,1.3,
Namibia,2017,0.5,
Namibia,2016,1.3,
Namibia,2016,2.5,
Namibia,2016,2,
Namibia,2016,2,
Namibia,2016,0.5,
Namibia,2016,1,
Namibia,2015,2.5,
Namibia,2015,1,
Namibia,2015,2,
Namibia,2015,1.3,
Namibia,2015,0.5,
Namibia,2015,2,
Namibia,2014,0.5,
Namibia,2014,1.3,
Namibia,2014,2.5,
Namibia,2014,1,
Namibia,2014,2,
Namibia,2014,2,
Namibia,2013,2.5,
Namibia,2013,2,
Namibia,2013,2,
Namibia,2013,0.5,
Namibia,2013,1.3,
Namibia,2013,1,
Namibia,2012,2,
Namibia,2012,1,
Namibia,2012,2.5,
Namibia,2012,0.5,
Namibia,2012,1.3,
Namibia,2012,2,
Namibia,2011,2,
Namibia,2011,2,
Namibia,2011,0.5,
Namibia,2011,2.5,
Namibia,2011,1,
Namibia,2011,1.3,
Namibia,2010,0.5,
Namibia,2010,1,
Namibia,2010,1.3,
Namibia,2010,2,
Namibia,2010,2.5,
Namibia,2010,2,
Namibia,2009,2,
Namibia,2009,1.3,
Namibia,2009,0.5,
Namibia,2009,1,
Namibia,2009,2,
Namibia,2009,2.5,
Namibia,2008,0.5,
Namibia,2008,2,
Namibia,2008,1,
Namibia,2008,2.5,
Namibia,2008,2,
Namibia,2008,1.3,
Namibia,2007,1,
Namibia,2007,2,
Namibia,2007,2.5,
Namibia,2007,0.5,
Namibia,2007,2,
Namibia,2007,1.3,
Namibia,2006,0.5,
Namibia,2006,2.5,
Namibia,2006,1,
Namibia,2006,2,
Namibia,2006,2,
Namibia,2006,1.3,
Namibia,2005,1.3,
Namibia,2005,2,
Namibia,2005,0.5,
Namibia,2005,1,
Namibia,2005,2,
Namibia,2005,2.5,
Namibia,2004,2,
Namibia,2004,2.5,
Namibia,2004,1,
Namibia,2004,2,
Namibia,2004,0.5,
Namibia,2004,1.3,
Namibia,2003,2,
Namibia,2003,0.5,
Namibia,2003,1,
Namibia,2003,1.3,
Namibia,2003,2,
Namibia,2003,2.5,
Namibia,2002,2,
Namibia,2002,1,
Namibia,2002,0.5,
Namibia,2002,1.3,
Namibia,2002,2.5,
Namibia,2002,2,
Namibia,2001,2.5,
Namibia,2001,0.5,
Namibia,2001,2,
Namibia,2001,1.3,
Namibia,2001,2,
Namibia,2001,1,
Namibia,2000,0.5,
Namibia,2000,2,
Namibia,2000,2.5,
Namibia,2000,2,
Namibia,2000,1,
Namibia,2000,1.3,
Niger,2020,2,
Niger,2020,0.88,
Niger,2020,2.5,
Niger,2020,3.5,
Niger,2019,3.5,
Niger,2019,2,
Niger,2019,2.5,
Niger,2019,0.88,
Niger,2018,3.5,
Niger,2018,2.5,
Niger,2018,0.88,
Niger,2018,2,
Niger,2017,0.89,
Niger,2017,3.5,
Niger,2017,2.5,
Niger,2017,2,
Niger,2016,2.5,
Niger,2016,3.5,
Niger,2016,0.87,
Niger,2016,2,
Niger,2015,2.5,
Niger,2015,3.5,
Niger,2015,0.88,
Niger,2015,2,
Niger,2015,17.1,
Niger,2014,2,
Niger,2014,3.5,
Niger,2014,2.5,
Niger,2014,0.88,
Niger,2013,3.5,
Niger,2013,2.5,
Niger,2013,2,
Niger,2013,0.86,
Niger,2012,2.5,
Niger,2012,2,
Niger,2012,0.89,
Niger,2012,3.5,
Niger,2011,0.91,
Niger,2011,2,
Niger,2011,3.5,
Niger,2011,2.5,
Niger,2010,3.5,
Niger,2010,2.5,
Niger,2010,2,
Niger,2010,0.88,
Niger,2009,2,
Niger,2009,3.5,
Niger,2009,0.86,
Niger,2009,2.5,
Niger,2008,3.5,
Niger,2008,0.88,
Niger,2008,2.5,
Niger,2008,2,
Niger,2007,3.5,
Niger,2007,2.5,
Niger,2007,2,
Niger,2007,0.88,
Niger,2006,3.5,
Niger,2006,2.5,
Niger,2006,0.88,
Niger,2006,2,
Niger,2005,2,
Niger,2005,2.5,
Niger,2005,0.88,
Niger,2005,3.5,
Niger,2004,3.5,
Niger,2004,0.88,
Niger,2004,2,
Niger,2004,2.5,
Niger,2003,3.5,
Niger,2003,2.5,
Niger,2003,0.88,
Niger,2003,2,
Niger,2002,2,
Niger,2002,2.5,
Niger,2002,0.88,
Niger,2002,3.5,
Niger,2001,2.5,
Niger,2001,2,
Niger,2001,3.5,
Niger,2001,0.88,
Niger,2000,0.88,
Niger,2000,3.5,
Niger,2000,2,
Niger,2000,2.5,
Nigeria,2020,2.5,
Nigeria,2020,0.85,
Nigeria,2020,2,
Nigeria,2020,3.5,
Nigeria,2020,1.32,
Nigeria,2019,3.5,
Nigeria,2019,0.85,
Nigeria,2019,1.32,
Nigeria,2019,2.5,
Nigeria,2019,2,
Nigeria,2018,3.5,
Nigeria,2018,0.79,
Nigeria,2018,1.1,
Nigeria,2018,2,
Nigeria,2018,2.5,
Nigeria,2017,0.79,
Nigeria,2017,2.5,
Nigeria,2017,1.1,
Nigeria,2017,2,
Nigeria,2017,3.5,
Nigeria,2016,2.5,
Nigeria,2016,2,
Nigeria,2016,0.79,
Nigeria,2016,3.5,
Nigeria,2016,1.1,
Nigeria,2015,3.5,
Nigeria,2015,2,
Nigeria,2015,0.9,
Nigeria,2015,1.51,
Nigeria,2015,2.5,
Nigeria,2014,0.88,
Nigeria,2014,3.5,
Nigeria,2014,2.5,
Nigeria,2014,1.43,
Nigeria,2014,2,
Nigeria,2013,2.5,
Nigeria,2013,2,
Nigeria,2013,1.1,
Nigeria,2013,3.5,
Nigeria,2013,0.79,
Nigeria,2012,1.43,
Nigeria,2012,2,
Nigeria,2012,2.5,
Nigeria,2012,0.88,
Nigeria,2012,3.5,
Nigeria,2011,0.88,
Nigeria,2011,2,
Nigeria,2011,2.5,
Nigeria,2011,1.43,
Nigeria,2011,3.5,
Nigeria,2010,0.98,
Nigeria,2010,2,
Nigeria,2010,2.5,
Nigeria,2010,0.76,
Nigeria,2010,3.5,
Nigeria,2009,3.5,
Nigeria,2009,0.94,
Nigeria,2009,0.75,
Nigeria,2009,2.5,
Nigeria,2009,2,
Nigeria,2008,0.77,
Nigeria,2008,3.5,
Nigeria,2008,1.01,
Nigeria,2008,2.5,
Nigeria,2008,2,
Nigeria,2007,1.12,
Nigeria,2007,3.5,
Nigeria,2007,2.5,
Nigeria,2007,0.8,
Nigeria,2007,2,
Nigeria,2006,0.79,
Nigeria,2006,1.08,
Nigeria,2006,3.5,
Nigeria,2006,2,
Nigeria,2006,2.5,
Nigeria,2005,0.78,
Nigeria,2005,2.5,
Nigeria,2005,1.07,
Nigeria,2005,3.5,
Nigeria,2005,2,
Nigeria,2004,1.06,
Nigeria,2004,3.5,
Nigeria,2004,2.5,
Nigeria,2004,0.78,
Nigeria,2004,2,
Nigeria,2003,0.78,
Nigeria,2003,2,
Nigeria,2003,2.5,
Nigeria,2003,1.07,
Nigeria,2003,3.5,
Nigeria,2002,3.5,
Nigeria,2002,1.1,
Nigeria,2002,0.79,
Nigeria,2002,2.5,
Nigeria,2002,2,
Nigeria,2001,2.5,
Nigeria,2001,2,
Nigeria,2001,3.5,
Nigeria,2001,1.03,
Nigeria,2001,0.77,
Nigeria,2000,0.79,
Nigeria,2000,2.5,
Nigeria,2000,2,
Nigeria,2000,3.5,
Nigeria,2000,1.08,
Guinea-Bissau,2020,1.18,
Guinea-Bissau,2020,2,
Guinea-Bissau,2020,2.5,
Guinea-Bissau,2020,2.5,
Guinea-Bissau,2020,3.5,
Guinea-Bissau,2019,2.5,
Guinea-Bissau,2019,2.5,
Guinea-Bissau,2019,1.18,
Guinea-Bissau,2019,3.5,
Guinea-Bissau,2019,2,
Guinea-Bissau,2018,2.5,
Guinea-Bissau,2018,2.5,
Guinea-Bissau,2018,1.18,
Guinea-Bissau,2018,3.5,
Guinea-Bissau,2018,2,
Guinea-Bissau,2017,2.5,
Guinea-Bissau,2017,2,
Guinea-Bissau,2017,3.5,
Guinea-Bissau,2017,2.5,
Guinea-Bissau,2017,1.18,
Guinea-Bissau,2016,2,
Guinea-Bissau,2016,3.5,
Guinea-Bissau,2016,1.18,
Guinea-Bissau,2016,2.5,
Guinea-Bissau,2016,2.5,
Guinea-Bissau,2015,3.5,
Guinea-Bissau,2015,1.18,
Guinea-Bissau,2015,2.5,
Guinea-Bissau,2015,2,
Guinea-Bissau,2015,2.5,
Guinea-Bissau,2014,2.5,
Guinea-Bissau,2014,2.5,
Guinea-Bissau,2014,3.5,
Guinea-Bissau,2014,1.18,
Guinea-Bissau,2014,2,
Guinea-Bissau,2013,2.5,
Guinea-Bissau,2013,2.5,
Guinea-Bissau,2013,1.18,
Guinea-Bissau,2013,3.5,
Guinea-Bissau,2013,2,
Guinea-Bissau,2012,2,
Guinea-Bissau,2012,2.5,
Guinea-Bissau,2012,2.5,
Guinea-Bissau,2012,1.18,
Guinea-Bissau,2012,3.5,
Guinea-Bissau,2011,1.18,
Guinea-Bissau,2011,2.5,
Guinea-Bissau,2011,3.5,
Guinea-Bissau,2011,2,
Guinea-Bissau,2011,2.5,
Guinea-Bissau,2010,2,
Guinea-Bissau,2010,1.18,
Guinea-Bissau,2010,2.5,
Guinea-Bissau,2010,3.5,
Guinea-Bissau,2010,2.5,
Guinea-Bissau,2009,3.5,
Guinea-Bissau,2009,2.5,
Guinea-Bissau,2009,1.18,
Guinea-Bissau,2009,2,
Guinea-Bissau,2009,2.5,
Guinea-Bissau,2008,2.5,
Guinea-Bissau,2008,2.5,
Guinea-Bissau,2008,2,
Guinea-Bissau,2008,3.5,
Guinea-Bissau,2008,1.18,
Guinea-Bissau,2007,1.18,
Guinea-Bissau,2007,2.5,
Guinea-Bissau,2007,2.5,
Guinea-Bissau,2007,3.5,
Guinea-Bissau,2007,2,
Guinea-Bissau,2006,2.5,
Guinea-Bissau,2006,2.5,
Guinea-Bissau,2006,1.18,
Guinea-Bissau,2006,3.5,
Guinea-Bissau,2006,2,
Guinea-Bissau,2005,3.5,
Guinea-Bissau,2005,2.5,
Guinea-Bissau,2005,2.5,
Guinea-Bissau,2005,2,
Guinea-Bissau,2005,1.18,
Guinea-Bissau,2004,3.5,
Guinea-Bissau,2004,2.5,
Guinea-Bissau,2004,2.5,
Guinea-Bissau,2004,2,
Guinea-Bissau,2004,1.18,
Guinea-Bissau,2003,2.5,
Guinea-Bissau,2003,3.5,
Guinea-Bissau,2003,2,
Guinea-Bissau,2003,2.5,
Guinea-Bissau,2003,1.18,
Guinea-Bissau,2002,2.5,
Guinea-Bissau,2002,1.18,
Guinea-Bissau,2002,3.5,
Guinea-Bissau,2002,2,
Guinea-Bissau,2002,2.5,
Guinea-Bissau,2001,2.5,
Guinea-Bissau,2001,2,
Guinea-Bissau,2001,2.5,
Guinea-Bissau,2001,3.5,
Guinea-Bissau,2001,1.18,
Guinea-Bissau,2000,3.5,
Guinea-Bissau,2000,2,
Guinea-Bissau,2000,2.5,
Guinea-Bissau,2000,2.5,
Guinea-Bissau,2000,1.18,
Senegal,2020,3.5,
Senegal,2020,2,
Senegal,2020,0.44,
Senegal,2020,0.48,
Senegal,2020,2.5,
Senegal,2020,2.65,
Senegal,2020,1,
Senegal,2019,0.48,
Senegal,2019,3.5,
Senegal,2019,2,
Senegal,2019,2.5,
Senegal,2019,0.44,
Senegal,2019,1,
Senegal,2019,2.65,
Senegal,2018,3.5,
Senegal,2018,2.5,
Senegal,2018,0.38,
Senegal,2018,2,
Senegal,2018,0.48,
Senegal,2018,1,
Senegal,2018,2.65,
Senegal,2017,2.65,
Senegal,2017,2.5,
Senegal,2017,2,
Senegal,2017,1,
Senegal,2017,3.5,
Senegal,2017,0.48,
Senegal,2017,0.48,
Senegal,2016,0.46,
Senegal,2016,0.47,
Senegal,2016,1,
Senegal,2016,2.65,
Senegal,2016,2.5,
Senegal,2016,2,
Senegal,2016,8.66,
Senegal,2015,2,
Senegal,2015,2.5,
Senegal,2015,0.46,
Senegal,2015,5.93,
Senegal,2015,1,
Senegal,2015,0.21,
Senegal,2015,2.65,
Senegal,2014,2,
Senegal,2014,2.65,
Senegal,2014,2.5,
Senegal,2014,0.52,
Senegal,2014,0.45,
Senegal,2014,1,
Senegal,2014,3.5,
Senegal,2013,2.65,
Senegal,2013,3.5,
Senegal,2013,2.5,
Senegal,2013,2,
Senegal,2013,1,
Senegal,2013,0.43,
Senegal,2013,0.25,
Senegal,2012,2.5,
Senegal,2012,2,
Senegal,2012,2.65,
Senegal,2012,1,
Senegal,2012,7.45,
Senegal,2012,0.44,
Senegal,2012,0.24,
Senegal,2011,2.65,
Senegal,2011,2,
Senegal,2011,0.47,
Senegal,2011,1,
Senegal,2011,3.5,
Senegal,2011,2.5,
Senegal,2011,0.42,
Senegal,2010,2.65,
Senegal,2010,2,
Senegal,2010,2.5,
Senegal,2010,0.39,
Senegal,2010,0.57,
Senegal,2010,3.5,
Senegal,2010,1,
Senegal,2009,2,
Senegal,2009,1,
Senegal,2009,3.5,
Senegal,2009,2.5,
Senegal,2009,2.65,
Senegal,2009,0.46,
Senegal,2009,0.39,
Senegal,2008,1,
Senegal,2008,0.38,
Senegal,2008,2.5,
Senegal,2008,6.42,
Senegal,2008,0.49,
Senegal,2008,2,
Senegal,2008,2.65,
Senegal,2007,2.5,
Senegal,2007,2,
Senegal,2007,1,
Senegal,2007,2.65,
Senegal,2007,3.5,
Senegal,2007,0.35,
Senegal,2007,0.36,
Senegal,2006,2.5,
Senegal,2006,0.51,
Senegal,2006,0.38,
Senegal,2006,2.65,
Senegal,2006,1,
Senegal,2006,2,
Senegal,2006,3.5,
Senegal,2005,0.38,
Senegal,2005,3.5,
Senegal,2005,1,
Senegal,2005,2,
Senegal,2005,0.51,
Senegal,2005,2.5,
Senegal,2005,2.65,
Senegal,2004,0.39,
Senegal,2004,2.65,
Senegal,2004,2.5,
Senegal,2004,3.5,
Senegal,2004,1,
Senegal,2004,2,
Senegal,2004,0.44,
Senegal,2003,2.5,
Senegal,2003,3.5,
Senegal,2003,1,
Senegal,2003,2.65,
Senegal,2003,2,
Senegal,2003,0.39,
Senegal,2003,0.44,
Senegal,2002,1,
Senegal,2002,2,
Senegal,2002,0.39,
Senegal,2002,0.44,
Senegal,2002,3.5,
Senegal,2002,2.5,
Senegal,2002,2.65,
Senegal,2001,0.39,
Senegal,2001,3.5,
Senegal,2001,2,
Senegal,2001,0.44,
Senegal,2001,1,
Senegal,2001,2.5,
Senegal,2001,2.65,
Senegal,2000,1,
Senegal,2000,2.65,
Senegal,2000,3.5,
Senegal,2000,0.44,
Senegal,2000,2.5,
Senegal,2000,2,
Senegal,2000,0.39,
Zimbabwe,2020,2.65,
Zimbabwe,2020,1.16,
Zimbabwe,2020,3.5,
Zimbabwe,2020,0.56,
Zimbabwe,2020,2,
Zimbabwe,2020,2.5,
Zimbabwe,2020,1,
Zimbabwe,2019,2.5,
Zimbabwe,2019,1.17,
Zimbabwe,2019,3.5,
Zimbabwe,2019,2.65,
Zimbabwe,2019,0.55,
Zimbabwe,2019,1,
Zimbabwe,2019,2,
Zimbabwe,2018,2,
Zimbabwe,2018,1,
Zimbabwe,2018,1.01,
Zimbabwe,2018,0.51,
Zimbabwe,2018,2.65,
Zimbabwe,2018,3.5,
Zimbabwe,2018,2.5,
Zimbabwe,2017,2.5,
Zimbabwe,2017,3.5,
Zimbabwe,2017,1.03,
Zimbabwe,2017,1,
Zimbabwe,2017,2,
Zimbabwe,2017,0.53,
Zimbabwe,2017,2.65,
Zimbabwe,2016,2.5,
Zimbabwe,2016,2,
Zimbabwe,2016,0.6,
Zimbabwe,2016,1,
Zimbabwe,2016,3.5,
Zimbabwe,2016,2.65,
Zimbabwe,2016,1.29,
Zimbabwe,2015,1.07,
Zimbabwe,2015,1,
Zimbabwe,2015,0.56,
Zimbabwe,2015,2.5,
Zimbabwe,2015,3.5,
Zimbabwe,2015,2,
Zimbabwe,2015,2.65,
Zimbabwe,2014,2.65,
Zimbabwe,2014,0.92,
Zimbabwe,2014,3.5,
Zimbabwe,2014,1,
Zimbabwe,2014,0.51,
Zimbabwe,2014,2.5,
Zimbabwe,2014,2,
Zimbabwe,2013,2,
Zimbabwe,2013,1,
Zimbabwe,2013,2.5,
Zimbabwe,2013,0.72,
Zimbabwe,2013,3.5,
Zimbabwe,2013,0.49,
Zimbabwe,2013,2.65,
Zimbabwe,2012,2.65,
Zimbabwe,2012,0.52,
Zimbabwe,2012,1.07,
Zimbabwe,2012,2,
Zimbabwe,2012,2.5,
Zimbabwe,2012,1,
Zimbabwe,2012,3.5,
Zimbabwe,2011,1.24,
Zimbabwe,2011,2,
Zimbabwe,2011,0.56,
Zimbabwe,2011,2.65,
Zimbabwe,2011,2.5,
Zimbabwe,2011,1,
Zimbabwe,2011,3.5,
Zimbabwe,2010,1,
Zimbabwe,2010,3.5,
Zimbabwe,2010,0.84,
Zimbabwe,2010,2.65,
Zimbabwe,2010,2,
Zimbabwe,2010,2.5,
Zimbabwe,2010,0.6,
Zimbabwe,2009,1,
Zimbabwe,2009,0.58,
Zimbabwe,2009,2.5,
Zimbabwe,2009,3.5,
Zimbabwe,2009,1.08,
Zimbabwe,2009,2,
Zimbabwe,2009,2.65,
Zimbabwe,2008,2,
Zimbabwe,2008,1.05,
Zimbabwe,2008,2.5,
Zimbabwe,2008,3.5,
Zimbabwe,2008,2.65,
Zimbabwe,2008,1,
Zimbabwe,2008,0.56,
Zimbabwe,2007,2,
Zimbabwe,2007,0.56,
Zimbabwe,2007,2.65,
Zimbabwe,2007,3.5,
Zimbabwe,2007,1.05,
Zimbabwe,2007,2.5,
Zimbabwe,2007,1,
Zimbabwe,2006,0.56,
Zimbabwe,2006,2,
Zimbabwe,2006,3.5,
Zimbabwe,2006,2.5,
Zimbabwe,2006,1,
Zimbabwe,2006,1.05,
Zimbabwe,2006,2.65,
Zimbabwe,2005,3.5,
Zimbabwe,2005,2.5,
Zimbabwe,2005,2.65,
Zimbabwe,2005,2,
Zimbabwe,2005,1,
Zimbabwe,2005,0.56,
Zimbabwe,2005,1.05,
Zimbabwe,2004,2.65,
Zimbabwe,2004,1.05,
Zimbabwe,2004,2,
Zimbabwe,2004,2.5,
Zimbabwe,2004,0.56,
Zimbabwe,2004,1,
Zimbabwe,2004,3.5,
Zimbabwe,2003,1.05,
Zimbabwe,2003,2.65,
Zimbabwe,2003,2,
Zimbabwe,2003,0.56,
Zimbabwe,2003,1,
Zimbabwe,2003,2.5,
Zimbabwe,2003,3.5,
Zimbabwe,2002,1.05,
Zimbabwe,2002,3.5,
Zimbabwe,2002,2,
Zimbabwe,2002,2.5,
Zimbabwe,2002,2.65,
Zimbabwe,2002,0.56,
Zimbabwe,2002,1,
Zimbabwe,2001,2.65,
Zimbabwe,2001,0.56,
Zimbabwe,2001,2.5,
Zimbabwe,2001,1.05,
Zimbabwe,2001,3.5,
Zimbabwe,2001,1,
Zimbabwe,2001,2,
Zimbabwe,2000,2.5,
Zimbabwe,2000,0.56,
Zimbabwe,2000,3.5,
Zimbabwe,2000,1.05,
Zimbabwe,2000,1,
Zimbabwe,2000,2.65,
Zimbabwe,2000,2,
Botswana,2020,2.16,
Botswana,2020,1,
Botswana,2020,3.44,
Botswana,2020,2.5,
Botswana,2020,2,
Botswana,2020,0.5,
Botswana,2019,3.44,
Botswana,2019,2.5,
Botswana,2019,0.5,
Botswana,2019,1,
Botswana,2019,2,
Botswana,2019,2.16,
Botswana,2018,2.5,
Botswana,2018,0.5,
Botswana,2018,1,
Botswana,2018,2,
Botswana,2018,3.44,
Botswana,2018,2.16,
Botswana,2017,2.5,
Botswana,2017,2.14,
Botswana,2017,13.67,
Botswana,2017,2,
Botswana,2017,0.49,
Botswana,2017,1,
Botswana,2016,2.5,
Botswana,2016,3.41,
Botswana,2016,1,
Botswana,2016,2,
Botswana,2016,0.5,
Botswana,2016,1.98,
Botswana,2015,2.5,
Botswana,2015,2,
Botswana,2015,3.01,
Botswana,2015,1,
Botswana,2015,0.5,
Botswana,2015,1.56,
Botswana,2014,0.5,
Botswana,2014,2.54,
Botswana,2014,2,
Botswana,2014,1,
Botswana,2014,3.49,
Botswana,2014,2.5,
Botswana,2013,2.5,
Botswana,2013,2,
Botswana,2013,1,
Botswana,2013,1.88,
Botswana,2013,0.5,
Botswana,2013,3.37,
Botswana,2012,2.5,
Botswana,2012,0.49,
Botswana,2012,2,
Botswana,2012,2.33,
Botswana,2012,3.46,
Botswana,2012,1,
Botswana,2011,2.5,
Botswana,2011,2,
Botswana,2011,0.5,
Botswana,2011,3.44,
Botswana,2011,2.53,
Botswana,2011,1,
Botswana,2010,2.5,
Botswana,2010,3.44,
Botswana,2010,2,
Botswana,2010,0.5,
Botswana,2010,1,
Botswana,2010,2.36,
Botswana,2009,0.5,
Botswana,2009,2.5,
Botswana,2009,13.52,
Botswana,2009,1,
Botswana,2009,2.29,
Botswana,2009,2,
Botswana,2008,2.5,
Botswana,2008,0.49,
Botswana,2008,3.31,
Botswana,2008,2,
Botswana,2008,1,
Botswana,2008,2.07,
Botswana,2007,2,
Botswana,2007,0.5,
Botswana,2007,1,
Botswana,2007,2.5,
Botswana,2007,1.64,
Botswana,2007,3.1,
Botswana,2006,2,
Botswana,2006,0.49,
Botswana,2006,2.5,
Botswana,2006,3.34,
Botswana,2006,2.05,
Botswana,2006,1,
Botswana,2005,2.32,
Botswana,2005,2.5,
Botswana,2005,1,
Botswana,2005,3.38,
Botswana,2005,2,
Botswana,2005,0.49,
Botswana,2004,2,
Botswana,2004,3.5,
Botswana,2004,1,
Botswana,2004,2.65,
Botswana,2004,2.5,
Botswana,2004,0.46,
Botswana,2003,3.44,
Botswana,2003,2.45,
Botswana,2003,0.49,
Botswana,2003,2.5,
Botswana,2003,2,
Botswana,2003,1,
Botswana,2002,3.44,
Botswana,2002,0.49,
Botswana,2002,1,
Botswana,2002,2.45,
Botswana,2002,2.5,
Botswana,2002,2,
Botswana,2001,2,
Botswana,2001,3.44,
Botswana,2001,1,
Botswana,2001,2.5,
Botswana,2001,2.45,
Botswana,2001,0.49,
Botswana,2000,1,
Botswana,2000,2,
Botswana,2000,0.49,
Botswana,2000,2.5,
Botswana,2000,2.45,
Botswana,2000,3.44,
Sudan,2020,1.13,
Sudan,2020,2.5,
Sudan,2020,3.5,
Sudan,2020,2,
Sudan,2019,1.13,
Sudan,2019,2.5,
Sudan,2019,2,
Sudan,2019,3.5,
Sudan,2018,1.13,
Sudan,2018,2,
Sudan,2018,2.5,
Sudan,2018,3.5,
Sudan,2017,2,
Sudan,2017,2.5,
Sudan,2017,1.13,
Sudan,2017,3.5,
Sudan,2016,3.59,52000
Sudan,2016,2,
Sudan,2016,3.5,
Sudan,2016,1.13,
Sudan,2016,2.5,
Sudan,2015,3.5,
Sudan,2015,2,
Sudan,2015,1.13,
Sudan,2015,2.5,
Sudan,2014,1.45,18000
Sudan,2014,3.5,
Sudan,2014,2,
Sudan,2014,1.13,
Sudan,2014,2.5,
Sudan,2013,3.5,
Sudan,2013,2,
Sudan,2013,1.13,
Sudan,2013,2.5,
Sudan,2012,2.5,
Sudan,2012,1.13,
Sudan,2012,2,
Sudan,2012,3.5,
Sudan,2011,2,
Sudan,2011,1.13,
Sudan,2011,2.5,
Sudan,2011,3.5,
Sudan,2010,2,
Sudan,2010,3.5,
Sudan,2010,2.5,
Sudan,2010,1.13,
Sudan,2009,2,
Sudan,2009,1.13,
Sudan,2009,3.5,
Sudan,2009,2.5,
Sudan,2008,1.13,
Sudan,2008,3.5,
Sudan,2008,2.5,
Sudan,2008,2,
Sudan,2007,1.13,
Sudan,2007,3.5,
Sudan,2007,2,
Sudan,2007,2.5,
Sudan,2006,2.5,
Sudan,2006,3.5,
Sudan,2006,1.13,
Sudan,2006,2,
Sudan,2005,2.5,
Sudan,2005,1.13,
Sudan,2005,2,
Sudan,2005,3.5,
Sudan,2004,2.5,
Sudan,2004,3.5,
Sudan,2004,2,
Sudan,2004,1.13,
Sudan,2003,1.13,
Sudan,2003,2.5,
Sudan,2003,3.5,
Sudan,2003,2,
Sudan,2002,1.13,
Sudan,2002,2.5,
Sudan,2002,3.5,
Sudan,2002,2,
Sudan,2001,2.5,
Sudan,2001,3.5,
Sudan,2001,1.13,
Sudan,2001,2,
Sudan,2000,3.5,
Sudan,2000,2,
Sudan,2000,1.13,
Sudan,2000,2.5,
Togo,2020,2.5,
Togo,2020,2,
Togo,2020,2.5,
Togo,2020,3.5,
Togo,2020,1.18,
Togo,2019,1.18,
Togo,2019,2,
Togo,2019,2.5,
Togo,2019,3.5,
Togo,2019,2.5,
Togo,2018,2.5,
Togo,2018,3.5,
Togo,2018,2,
Togo,2018,1.18,
Togo,2018,2.5,
Togo,2017,2.5,
Togo,2017,1.18,
Togo,2017,2.5,
Togo,2017,2,
Togo,2017,3.5,
Togo,2016,2.5,
Togo,2016,3.5,
Togo,2016,2,
Togo,2016,2.5,
Togo,2016,1.18,
Togo,2015,2,
Togo,2015,3.5,
Togo,2015,2.5,
Togo,2015,2.5,
Togo,2015,1.18,
Togo,2014,7.57,1328
Togo,2014,2.5,
Togo,2014,3.5,
Togo,2014,1.18,
Togo,2014,2,
Togo,2014,2.5,
Togo,2013,1.18,
Togo,2013,2.5,
Togo,2013,2.5,
Togo,2013,3.5,
Togo,2013,2,
Togo,2012,2.5,
Togo,2012,1.18,
Togo,2012,2.5,
Togo,2012,5.66,
Togo,2012,2,
Togo,2011,2.5,
Togo,2011,1.18,
Togo,2011,2.5,
Togo,2011,5.55,
Togo,2011,2,
Togo,2010,1.18,
Togo,2010,2.5,
Togo,2010,2.5,
Togo,2010,5.52,
Togo,2010,2,
Togo,2009,2,
Togo,2009,2.5,
Togo,2009,5.59,
Togo,2009,1.18,
Togo,2009,2.5,
Togo,2008,2.5,
Togo,2008,2,
Togo,2008,1.18,
Togo,2008,2.5,
Togo,2008,5.62,
Togo,2007,2.5,
Togo,2007,2,
Togo,2007,2.5,
Togo,2007,3.5,
Togo,2007,1.18,
Togo,2006,2.5,
Togo,2006,1.18,
Togo,2006,3.5,
Togo,2006,2,
Togo,2006,2.5,
Togo,2005,2.5,
Togo,2005,3.5,
Togo,2005,1.18,
Togo,2005,2.5,
Togo,2005,2,
Togo,2004,3.5,
Togo,2004,2.5,
Togo,2004,1.18,
Togo,2004,2.5,
Togo,2004,2,
Togo,2003,2.5,
Togo,2003,2,
Togo,2003,3.5,
Togo,2003,2.5,
Togo,2003,1.18,
Togo,2002,2.5,
Togo,2002,2.5,
Togo,2002,3.5,
Togo,2002,2,
Togo,2002,1.18,
Togo,2001,1.18,
Togo,2001,2.5,
Togo,2001,2.5,
Togo,2001,2,
Togo,2001,3.5,
Togo,2000,2.5,
Togo,2000,1.18,
Togo,2000,3.5,
Togo,2000,2,
Togo,2000,2.5,
Uganda,2020,2,
Uganda,2020,0.59,
Uganda,2020,2.65,
Uganda,2020,3.5,
Uganda,2020,2.5,
Uganda,2020,1,
Uganda,2020,2.5,
Uganda,2019,1,
Uganda,2019,3.5,
Uganda,2019,2.5,
Uganda,2019,2.5,
Uganda,2019,0.59,
Uganda,2019,2.65,
Uganda,2019,2,
Uganda,2018,2.5,
Uganda,2018,1,
Uganda,2018,2.65,
Uganda,2018,3.5,
Uganda,2018,2.5,
Uganda,2018,0.59,
Uganda,2018,2,
Uganda,2017,2.5,
Uganda,2017,3.5,
Uganda,2017,2.5,
Uganda,2017,2.65,
Uganda,2017,0.59,
Uganda,2017,1,
Uganda,2017,2,
Uganda,2016,0.59,
Uganda,2016,3.5,
Uganda,2016,2.5,
Uganda,2016,2.65,
Uganda,2016,2,
Uganda,2016,2.5,
Uganda,2016,1,
Uganda,2015,1,
Uganda,2015,2.5,
Uganda,2015,2,
Uganda,2015,2.5,
Uganda,2015,3.5,
Uganda,2015,0.59,
Uganda,2015,2.65,
Uganda,2014,2.65,
Uganda,2014,0.59,
Uganda,2014,2.5,
Uganda,2014,2,
Uganda,2014,3.5,
Uganda,2014,2.5,
Uganda,2014,1,
Uganda,2013,3.5,
Uganda,2013,2.5,
Uganda,2013,1,
Uganda,2013,2.65,
Uganda,2013,2,
Uganda,2013,0.59,
Uganda,2013,2.5,
Uganda,2012,2.5,
Uganda,2012,1,
Uganda,2012,7.02,
Uganda,2012,2.65,
Uganda,2012,0.59,
Uganda,2012,2,
Uganda,2012,2.5,
Uganda,2011,2,
Uganda,2011,10.79,
Uganda,2011,2.5,
Uganda,2011,1,
Uganda,2011,2.5,
Uganda,2011,0.59,
Uganda,2011,2.65,
Uganda,2010,0.59,
Uganda,2010,2.65,
Uganda,2010,3.5,
Uganda,2010,2.5,
Uganda,2010,1,
Uganda,2010,2.5,
Uganda,2010,2,
Uganda,2009,2.5,
Uganda,2009,2,
Uganda,2009,1,
Uganda,2009,2.65,
Uganda,2009,0.59,
Uganda,2009,10.94,
Uganda,2009,2.5,
Uganda,2008,9.05,
Uganda,2008,0.59,
Uganda,2008,2,
Uganda,2008,2.5,
Uganda,2008,2.65,
Uganda,2008,1,
Uganda,2008,2.5,
Uganda,2007,2,
Uganda,2007,2.5,
Uganda,2007,1,
Uganda,2007,0.59,
Uganda,2007,2.65,
Uganda,2007,3.5,
Uganda,2007,2.5,
Uganda,2006,2,
Uganda,2006,2.5,
Uganda,2006,0.59,
Uganda,2006,2.5,
Uganda,2006,1,
Uganda,2006,2.65,
Uganda,2006,3.5,
Uganda,2005,2.5,
Uganda,2005,2,
Uganda,2005,2.5,
Uganda,2005,1,
Uganda,2005,2.65,
Uganda,2005,3.5,
Uganda,2005,0.59,
Uganda,2004,2.65,
Uganda,2004,0.59,
Uganda,2004,1,
Uganda,2004,2,
Uganda,2004,2.5,
Uganda,2004,3.5,
Uganda,2004,2.5,
Uganda,2003,2.5,
Uganda,2003,2.5,
Uganda,2003,0.59,
Uganda,2003,2,
Uganda,2003,2.65,
Uganda,2003,3.5,
Uganda,2003,1,
Uganda,2002,2.5,
Uganda,2002,0.59,
Uganda,2002,2,
Uganda,2002,2.5,
Uganda,2002,2.65,
Uganda,2002,3.5,
Uganda,2002,1,
Uganda,2001,2.5,
Uganda,2001,1,
Uganda,2001,0.59,
Uganda,2001,2.5,
Uganda,2001,3.5,
Uganda,2001,2,
Uganda,2001,2.65,
Uganda,2000,2.5,
Uganda,2000,2.5,
Uganda,2000,0.59,
Uganda,2000,2.65,
Uganda,2000,2,
Uganda,2000,3.5,
Uganda,2000,1,
Ukraine,2016,1.42,2700
Ukraine,2015,1.41,3000
Ukraine,2014,1.12,2000
United Republic of Tanzania,2020,2.5,
United Republic of Tanzania,2020,0.99,
United Republic of Tanzania,2020,1.82,
United Republic of Tanzania,2020,2,
United Republic of Tanzania,2020,3.5,
United Republic of Tanzania,2019,3.5,
United Republic of Tanzania,2019,0.99,
United Republic of Tanzania,2019,2,
United Republic of Tanzania,2019,2.5,
United Republic of Tanzania,2019,1.82,
United Republic of Tanzania,2018,2.5,
United Republic of Tanzania,2018,2,
United Republic of Tanzania,2018,3.5,
United Republic of Tanzania,2018,1.82,
United Republic of Tanzania,2018,0.99,
United Republic of Tanzania,2017,3.5,
United Republic of Tanzania,2017,2,
United Republic of Tanzania,2017,2.5,
United Republic of Tanzania,2017,1.82,
United Republic of Tanzania,2017,0.99,
United Republic of Tanzania,2016,2,
United Republic of Tanzania,2016,0.99,
United Republic of Tanzania,2016,3.5,
United Republic of Tanzania,2016,2.5,
United Republic of Tanzania,2016,1.82,
United Republic of Tanzania,2015,2.5,
United Republic of Tanzania,2015,3.5,
United Republic of Tanzania,2015,1.82,
United Republic of Tanzania,2015,0.99,
United Republic of Tanzania,2015,2,
United Republic of Tanzania,2014,3.5,
United Republic of Tanzania,2014,2.5,
United Republic of Tanzania,2014,2,
United Republic of Tanzania,2014,0.99,
United Republic of Tanzania,2014,1.82,
United Republic of Tanzania,2013,2,
United Republic of Tanzania,2013,3.5,
United Republic of Tanzania,2013,0.99,
United Republic of Tanzania,2013,2.5,
United Republic of Tanzania,2013,1.82,
United Republic of Tanzania,2013,1.5,
United Republic of Tanzania,2013,20.18,
United Republic of Tanzania,2013,2.5,
United Republic of Tanzania,2012,1.82,
United Republic of Tanzania,2012,3.5,
United Republic of Tanzania,2012,0.99,
United Republic of Tanzania,2012,2,
United Republic of Tanzania,2012,2.5,
United Republic of Tanzania,2011,3.5,
United Republic of Tanzania,2011,1.92,
United Republic of Tanzania,2011,1.02,
United Republic of Tanzania,2011,2.5,
United Republic of Tanzania,2011,2,
United Republic of Tanzania,2010,1.86,
United Republic of Tanzania,2010,2.5,
United Republic of Tanzania,2010,1,
United Republic of Tanzania,2010,3.5,
United Republic of Tanzania,2010,2,
United Republic of Tanzania,2009,2.5,
United Republic of Tanzania,2009,3.5,
United Republic of Tanzania,2009,1.86,
United Republic of Tanzania,2009,1,
United Republic of Tanzania,2009,2,
United Republic of Tanzania,2008,3.5,
United Republic of Tanzania,2008,2,
United Republic of Tanzania,2008,1.71,
United Republic of Tanzania,2008,2.5,
United Republic of Tanzania,2008,0.96,
United Republic of Tanzania,2007,1.71,
United Republic of Tanzania,2007,3.5,
United Republic of Tanzania,2007,2,
United Republic of Tanzania,2007,0.96,
United Republic of Tanzania,2007,2.5,
United Republic of Tanzania,2006,0.96,
United Republic of Tanzania,2006,3.5,
United Republic of Tanzania,2006,2,
United Republic of Tanzania,2006,1.72,
United Republic of Tanzania,2006,2.5,
United Republic of Tanzania,2005,0.99,
United Republic of Tanzania,2005,1.83,
United Republic of Tanzania,2005,3.5,
United Republic of Tanzania,2005,2,
United Republic of Tanzania,2005,2.5,
United Republic of Tanzania,2004,2,
United Republic of Tanzania,2004,1.82,
United Republic of Tanzania,2004,3.5,
United Republic of Tanzania,2004,0.99,
United Republic of Tanzania,2004,2.5,
United Republic of Tanzania,2003,3.5,
United Republic of Tanzania,2003,2,
United Republic of Tanzania,2003,1.86,
United Republic of Tanzania,2003,1,
United Republic of Tanzania,2003,2.5,
United Republic of Tanzania,2002,1.82,
United Republic of Tanzania,2002,0.99,
United Republic of Tanzania,2002,3.5,
United Republic of Tanzania,2002,2,
United Republic of Tanzania,2002,2.5,
United Republic of Tanzania,2001,2,
United Republic of Tanzania,2001,3.5,
United Republic of Tanzania,2001,0.99,
United Republic of Tanzania,2001,1.82,
United Republic of Tanzania,2001,2.5,
United Republic of Tanzania,2000,3.5,
United Republic of Tanzania,2000,2,
United Republic of Tanzania,2000,2.5,
United Republic of Tanzania,2000,0.99,
United Republic of Tanzania,2000,1.82,
Burkina Faso,2020,2.65,
Burkina Faso,2020,0.58,
Burkina Faso,2020,1,
Burkina Faso,2020,2,
Burkina Faso,2020,2.5,
Burkina Faso,2020,1.64,
Burkina Faso,2020,3.5,
Burkina Faso,2019,2,
Burkina Faso,2019,2.5,
Burkina Faso,2019,2.65,
Burkina Faso,2019,1.53,
Burkina Faso,2019,1,
Burkina Faso,2019,3.5,
Burkina Faso,2019,0.59,
Burkina Faso,2018,2.65,
Burkina Faso,2018,3.5,
Burkina Faso,2018,1,
Burkina Faso,2018,2,
Burkina Faso,2018,0.59,
Burkina Faso,2018,1.56,
Burkina Faso,2018,2.5,
Burkina Faso,2017,1,
Burkina Faso,2017,2,
Burkina Faso,2017,2.65,
Burkina Faso,2017,1.5,
Burkina Faso,2017,0.59,
Burkina Faso,2017,3.5,
Burkina Faso,2017,2.5,
Burkina Faso,2016,2,
Burkina Faso,2016,1.57,
Burkina Faso,2016,0.57,
Burkina Faso,2016,3.5,
Burkina Faso,2016,1,
Burkina Faso,2016,2.65,
Burkina Faso,2016,2.5,
Burkina Faso,2015,3.5,
Burkina Faso,2015,2.5,
Burkina Faso,2015,0.5,
Burkina Faso,2015,2,
Burkina Faso,2015,2.65,
Burkina Faso,2015,1.54,
Burkina Faso,2015,1,
Burkina Faso,2014,1.65,
Burkina Faso,2014,2.5,
Burkina Faso,2014,1,
Burkina Faso,2014,2.65,
Burkina Faso,2014,2,
Burkina Faso,2014,0.59,
Burkina Faso,2014,3.5,
Burkina Faso,2013,3.5,
Burkina Faso,2013,1.65,
Burkina Faso,2013,2.5,
Burkina Faso,2013,0.61,
Burkina Faso,2013,2,
Burkina Faso,2013,2.65,
Burkina Faso,2013,1,
Burkina Faso,2012,2.65,
Burkina Faso,2012,2.5,
Burkina Faso,2012,0.57,
Burkina Faso,2012,3.5,
Burkina Faso,2012,1,
Burkina Faso,2012,2,
Burkina Faso,2012,1.58,
Burkina Faso,2011,2.65,
Burkina Faso,2011,1.68,
Burkina Faso,2011,0.59,
Burkina Faso,2011,2,
Burkina Faso,2011,2.5,
Burkina Faso,2011,1,
Burkina Faso,2011,3.5,
Burkina Faso,2010,3.5,
Burkina Faso,2010,0.58,
Burkina Faso,2010,1,
Burkina Faso,2010,2.5,
Burkina Faso,2010,2.65,
Burkina Faso,2010,1.67,
Burkina Faso,2010,2,
Burkina Faso,2009,2,
Burkina Faso,2009,0.6,
Burkina Faso,2009,2.65,
Burkina Faso,2009,3.5,
Burkina Faso,2009,1,
Burkina Faso,2009,1.75,
Burkina Faso,2009,2.5,
Burkina Faso,2008,3.5,
Burkina Faso,2008,2.5,
Burkina Faso,2008,2.65,
Burkina Faso,2008,2,
Burkina Faso,2008,1,
Burkina Faso,2008,0.64,
Burkina Faso,2008,1.86,
Burkina Faso,2007,1.52,
Burkina Faso,2007,2,
Burkina Faso,2007,3.5,
Burkina Faso,2007,0.54,
Burkina Faso,2007,2.65,
Burkina Faso,2007,1,
Burkina Faso,2007,2.5,
Burkina Faso,2006,2.65,
Burkina Faso,2006,2.5,
Burkina Faso,2006,3.5,
Burkina Faso,2006,1.52,
Burkina Faso,2006,2,
Burkina Faso,2006,0.53,
Burkina Faso,2006,1,
Burkina Faso,2005,2.65,
Burkina Faso,2005,2,
Burkina Faso,2005,3.5,
Burkina Faso,2005,2.5,
Burkina Faso,2005,1,
Burkina Faso,2005,0.51,
Burkina Faso,2005,1.5,
Burkina Faso,2004,1,
Burkina Faso,2004,0.6,
Burkina Faso,2004,3.5,
Burkina Faso,2004,2.65,
Burkina Faso,2004,2,
Burkina Faso,2004,1.96,
Burkina Faso,2004,2.5,
Burkina Faso,2003,1.58,
Burkina Faso,2003,1,
Burkina Faso,2003,2.5,
Burkina Faso,2003,3.5,
Burkina Faso,2003,0.56,
Burkina Faso,2003,2.65,
Burkina Faso,2003,2,
Burkina Faso,2002,1,
Burkina Faso,2002,1.84,
Burkina Faso,2002,2,
Burkina Faso,2002,3.5,
Burkina Faso,2002,0.59,
Burkina Faso,2002,2.65,
Burkina Faso,2002,2.5,
Burkina Faso,2001,2.65,
Burkina Faso,2001,1.68,
Burkina Faso,2001,2.5,
Burkina Faso,2001,2,
Burkina Faso,2001,3.5,
Burkina Faso,2001,1,
Burkina Faso,2001,0.55,
Burkina Faso,2000,2,
Burkina Faso,2000,2.65,
Burkina Faso,2000,1,
Burkina Faso,2000,0.58,
Burkina Faso,2000,2.5,
Burkina Faso,2000,3.5,
Burkina Faso,2000,1.85,
Zambia,2020,2.5,
Zambia,2020,2.5,
Zambia,2020,2.62,
Zambia,2020,1.28,
Zambia,2020,2,
Zambia,2020,1,
Zambia,2020,3.44,
Zambia,2019,2.5,
Zambia,2019,2,
Zambia,2019,1,
Zambia,2019,2.5,
Zambia,2019,2.62,
Zambia,2019,3.44,
Zambia,2019,1.28,
Zambia,2018,2.63,
Zambia,2018,2,
Zambia,2018,3.49,
Zambia,2018,2.5,
Zambia,2018,1.28,
Zambia,2018,1,
Zambia,2018,2.5,
Zambia,2017,2,
Zambia,2017,3.49,
Zambia,2017,2.62,
Zambia,2017,1.26,
Zambia,2017,2.5,
Zambia,2017,1,
Zambia,2017,2.5,
Zambia,2016,2.5,
Zambia,2016,2.5,
Zambia,2016,2.62,
Zambia,2016,1.26,
Zambia,2016,2,
Zambia,2016,3.48,
Zambia,2016,1,
Zambia,2015,1.29,
Zambia,2015,2.5,
Zambia,2015,2.6,
Zambia,2015,2,
Zambia,2015,1,
Zambia,2015,3.48,
Zambia,2015,2.5,
Zambia,2014,2.5,
Zambia,2014,1,
Zambia,2014,2,
Zambia,2014,2.5,
Zambia,2014,1.28,
Zambia,2014,3.43,
Zambia,2014,2.52,
Zambia,2013,2.5,
Zambia,2013,2.5,
Zambia,2013,2.49,
Zambia,2013,2,
Zambia,2013,1,
Zambia,2013,1.28,
Zambia,2013,3.41,
Zambia,2012,2,
Zambia,2012,2.5,
Zambia,2012,1,
Zambia,2012,2.5,
Zambia,2012,2.61,
Zambia,2012,1.29,
Zambia,2012,3.49,
Zambia,2011,2.5,
Zambia,2011,3.48,
Zambia,2011,2.5,
Zambia,2011,1,
Zambia,2011,2,
Zambia,2011,2.62,
Zambia,2011,1.28,
Zambia,2010,2.6,
Zambia,2010,1.28,
Zambia,2010,3.45,
Zambia,2010,1,
Zambia,2010,2.5,
Zambia,2010,2.5,
Zambia,2010,2,
Zambia,2009,2.5,
Zambia,2009,2.5,
Zambia,2009,2,
Zambia,2009,2.62,
Zambia,2009,3.49,
Zambia,2009,1,
Zambia,2009,1.29,
Zambia,2008,2.5,
Zambia,2008,3.43,
Zambia,2008,2.5,
Zambia,2008,1.29,
Zambia,2008,2,
Zambia,2008,1,
Zambia,2008,2.6,
Zambia,2007,1.26,
Zambia,2007,2.5,
Zambia,2007,2,
Zambia,2007,2.63,
Zambia,2007,1,
Zambia,2007,2.5,
Zambia,2007,3.41,
Zambia,2006,2.5,
Zambia,2006,2,
Zambia,2006,2,
Zambia,2006,3.08,
Zambia,2006,2.5,
Zambia,2006,1.27,
Zambia,2006,1,
Zambia,2005,2,
Zambia,2005,2.5,
Zambia,2005,1.29,
Zambia,2005,2.37,
Zambia,2005,1,
Zambia,2005,3.43,
Zambia,2005,2.5,
Zambia,2004,2,
Zambia,2004,1,
Zambia,2004,2.37,
Zambia,2004,3.42,
Zambia,2004,2.5,
Zambia,2004,1.28,
Zambia,2004,2.5,
Zambia,2003,2.5,
Zambia,2003,2.5,
Zambia,2003,2.43,
Zambia,2003,3.43,
Zambia,2003,2,
Zambia,2003,1,
Zambia,2003,1.29,
Zambia,2002,1.29,
Zambia,2002,2.5,
Zambia,2002,2,
Zambia,2002,1,
Zambia,2002,2.5,
Zambia,2002,3.43,
Zambia,2002,2.42,
Zambia,2001,2.5,
Zambia,2001,1.28,
Zambia,2001,2.42,
Zambia,2001,2,
Zambia,2001,1,
Zambia,2001,2.5,
Zambia,2001,3.44,
Zambia,2000,2.5,
Zambia,2000,2,
Zambia,2000,1.27,
Zambia,2000,2.5,
Zambia,2000,1,
Zambia,2000,2.38,
Zambia,2000,3.44,
